date,open,high,low,close,adjusted close,volume,dividend amount
13-12-2024,238,239.35,227.8,230.82,230.82,20886084,0
06-12-2024,227.5,238.38,225.51,238.04,238.04,18743737,0
29-11-2024,223.35,230.36,222.65,227.41,227.41,17274177,0
22-11-2024,207,227.2,205.3701,222.97,222.97,21386866,0
15-11-2024,214.4,215.41,204.07,204.99,204.99,19438346,1.67
08-11-2024,207.65,216.7,205.57,213.72,212.0406,15846890,0
01-11-2024,215.5,216.25,203.51,208.25,206.6136,26467891,0
25-10-2024,231.21,233.34,214.385,214.67,212.9832,31380820,0
18-10-2024,233.57,237.37,230.17,232.2,230.3754,18477394,0
11-10-2024,225.38,235.83,225.02,233.26,231.4271,18398213,0
04-10-2024,220.65,226.08,215.798,226,224.2242,17778630,0
27-09-2024,218,224.15,217.27,220.84,219.1047,16300165,0
20-09-2024,215.88,218.84,210.37,217.7,215.9894,28532770,0
13-09-2024,201.94,216.09,201.43,214.79,213.1022,21518747,0
06-09-2024,201.91,205.95,199.335,200.74,199.1626,13519865,0
30-08-2024,196,202.17,195.9,202.13,200.5417,15570283,0
23-08-2024,193.84,197.92,193.715,196.1,194.5591,11022549,0
16-08-2024,191.25,194.35,189.0001,193.78,192.2573,11330854,0
09-08-2024,184.55,192.88,181.81,191.45,189.9456,18895865,1.67
02-08-2024,193.18,194.5499,185.7,189.12,186.0114,20594367,0
26-07-2024,183.4,196.26,182.86,191.75,188.5982,25458498,0
19-07-2024,183.38,189.47,181.95,183.25,180.2379,17829469,0
12-07-2024,176.41,184.16,174.45,182.83,179.8248,16071235,0
05-07-2024,173.45,177.98,173.38,176.02,173.1267,9939255,0
28-06-2024,175,178.4599,170.41,172.95,170.1072,18850478,0
21-06-2024,168.76,174.96,167.5,172.46,169.6252,21531360,0
14-06-2024,169.55,172.47,166.81,169.21,166.4287,16222067,0
07-06-2024,166.54,171.305,163.53,170.01,167.2155,14102396,0
31-05-2024,170.44,171.085,163.84,166.85,164.1074,15594186,0
24-05-2024,169,175.46,168.38,170.89,168.081,18410125,0
17-05-2024,167.5,169.63,166.48,169.03,166.2516,15933303,0
10-05-2024,166.5,170.26,165.88,167.15,164.4025,17421523,1.67
03-05-2024,167.4,168.22,162.62,165.71,161.3654,22536194,0
26-04-2024,182.45,184.68,165.66,167.13,162.7482,42329269,0
19-04-2024,185.57,187.48,180.17,181.58,176.8194,16929550,0
12-04-2024,189.24,191.25,181.685,182.27,177.4913,14955313,0
05-04-2024,190,193.28,187.34,189.14,184.1812,12808073,0
28-03-2024,190.26,191.9299,188.5,190.96,185.9534,15383298,0
22-03-2024,191.7,193.98,190.01,190.84,185.8366,23968505,0
15-03-2024,195.09,199.18,190.7,191.07,186.0606,27466323,0
08-03-2024,187.76,198.73,187.6,195.95,190.8126,29085296,0
01-03-2024,185.6,188.38,182.62,188.2,183.2658,21955379,0
23-02-2024,187.64,188.77,178.75,185.72,180.8508,17487852,0
16-02-2024,185.9,188.95,182.26,187.64,182.7205,21745006,0
09-02-2024,185.51,187.18,181.49,186.34,181.4546,22784812,1.66
02-02-2024,187.46,189.46,182.71,185.79,179.3045,28283876,0
26-01-2024,172.82,196.9,172.4,187.42,180.8776,56232762,0
19-01-2024,165.8,171.5791,165.04,171.48,165.494,19864308,0
12-01-2024,158.69,165.98,157.885,165.8,160.0123,17643392,0
05-01-2024,162.83,163.29,158.67,159.16,153.6041,14822074,0
29-12-2023,162.23,164.18,162.05,163.55,157.8409,9376537,0
22-12-2023,162.23,163.33,159.53,162.14,156.4801,17686398,0
15-12-2023,162.68,166.34,160.149,162.23,156.5669,33504550,0
08-12-2023,160.29,162.79,159.97,161.96,156.3064,21918957,0
01-12-2023,154.99,160.59,154.75,160.55,154.9456,21900644,0
24-11-2023,152.51,155.705,152.35,155.18,149.763,11362696,0
17-11-2023,148.46,153.5,147.35,152.89,147.553,19547595,0
10-11-2023,147.89,149.68,145.28,149.02,143.8181,18357944,1.66
03-11-2023,143.19,148.445,142.58,147.9,141.1392,22959464,0
27-10-2023,136.63,144.7,135.87,142.52,136.0051,30227448,0
20-10-2023,139.28,140.62,136.31,137.16,130.8902,21044049,0
13-10-2023,142.3,143.415,138.27,138.46,132.1307,16386334,0
06-10-2023,140.04,142.94,139.86,142.03,135.5375,15932918,0
29-09-2023,146.57,147.43,139.61,140.3,133.8866,23445425,0
22-09-2023,145.77,151.9299,144.66,146.91,140.1945,23597168,0
15-09-2023,148.57,148.78,145.53,145.99,139.3165,19316647,0
08-09-2023,147.91,149,147.12,147.68,140.9293,13719451,0
01-09-2023,145.41,148.1,145.21,147.94,141.1774,15198607,0
25-08-2023,141.42,145.47,141.11,145.35,138.7058,15614989,0
18-08-2023,143.05,143.365,139.76,141.41,134.9459,18826007,0
11-08-2023,145,146.5,142.205,143.12,136.5777,19428470,1.66
04-08-2023,143.81,146.09,142.17,144.24,136.0614,24072830,0
28-07-2023,139.35,143.95,138.7788,143.45,135.3162,24310886,0
21-07-2023,133.26,140.32,133.1,138.94,131.0619,29295540,0
14-07-2023,131.76,135.33,131.695,133.4,125.8361,15109770,0
07-07-2023,133.42,134.35,131.55,132.08,124.5909,10923840,0
30-06-2023,129.39,135.03,129.31,133.81,126.2228,18695850,0
23-06-2023,136.36,137.23,129.18,129.43,122.0912,27111509,0
16-06-2023,136,139.469,135.8216,137.48,129.6847,24228597,0
09-06-2023,133.12,136.1,131.88,135.3,127.6283,21174178,0
02-06-2023,129.56,133.12,127.46,132.42,124.9116,24339245,0
26-05-2023,127.5,129.66,125.01,128.89,121.5818,21029979,0
19-05-2023,123,128.29,122.34,127.26,120.0442,18284524,0
12-05-2023,123.76,123.92,120.55,122.84,115.8748,20404364,1.66
05-05-2023,126.35,126.75,121.7563,123.65,115.0626,21164660,0
28-04-2023,125.55,127.25,124.56,126.41,117.6309,20644224,0
21-04-2023,128.3,130.98,125.27,125.73,116.9981,30341128,0
14-04-2023,129.83,131.105,126,128.14,119.2407,19506500,0
06-04-2023,130.97,132.61,130.315,130.5,121.4368,13172262,0
31-03-2023,126.47,131.48,126.47,131.09,121.9859,20779522,0
24-03-2023,124.31,127.215,122.6,125.29,116.5887,20458253,0
17-03-2023,125.15,128.19,121.71,123.69,115.0998,66132690,0
10-03-2023,129.64,130.86,125.13,125.45,116.7376,20761401,0
03-03-2023,131.42,131.87,127.71,129.64,120.6366,17865677,0
24-02-2023,134,134.385,128.86,130.57,121.502,14198950,0
17-02-2023,136,137.39,133.89,135.02,125.6429,16543870,0
10-02-2023,135.83,136.74,133.34,135.6,126.1826,22140989,1.65
03-02-2023,134.32,136.95,132.8,136.94,125.8767,27874571,0
27-01-2023,141.4,142.985,132.98,134.39,123.5327,43345140,0
20-01-2023,146.42,147.18,139.75,141.2,129.7925,21419368,0
13-01-2023,144.08,146.66,142.9,145.89,134.1036,14580596,0
06-01-2023,141.1,144.25,140.01,143.7,132.0906,13648755,0
30-12-2022,141.73,142.81,139.45,140.89,129.5076,10477419,0
23-12-2022,140.16,143.09,137.195,141.65,130.2062,19663576,0
16-12-2022,147.82,153.21,138.97,140.16,128.8366,33572382,0
09-12-2022,147.94,149.153,146.29,147.05,135.1699,15316930,0
02-12-2022,147.98,150.01,145.67,148.67,136.659,20066941,0
25-11-2022,147.55,150.46,146.45,148.37,136.3833,16271883,0
18-11-2022,142.63,148.31,142,147.64,135.7123,22034930,0
11-11-2022,136.64,144.13,136.51,143.17,131.6034,25066114,1.65
04-11-2022,138.06,140.17,133.97,136.96,124.4011,22491556,0
28-10-2022,130.9,138.8615,129.85,138.51,125.809,26667185,0
21-10-2022,121.8,130.845,121.43,129.9,117.9885,37309868,0
14-10-2022,119.79,122.54,115.545,120.04,109.0326,22973512,0
07-10-2022,120.16,126.46,118.07,118.82,107.9245,21614952,0
30-09-2022,122.3,124.26,118.61,118.81,107.9154,22265241,0
23-09-2022,126.49,128.06,121.74,122.71,111.4578,19442664,0
16-09-2022,130.33,130.99,123.83,127.27,115.5996,27107187,0
09-09-2022,127.8,129.49,126.28,129.19,117.3436,12004834,0
02-09-2022,129.99,131.42,127.24,127.79,116.0719,15086608,0
26-08-2022,137.65,137.85,130.34,130.38,118.4245,16982107,0
19-08-2022,132.96,139.34,132.24,138.37,125.6818,17105977,0
12-08-2022,133.1,134.09,129.12,134.01,121.7216,17254110,1.65
05-08-2022,130.75,132.862,130.51,132.48,118.8176,17400572,0
29-07-2022,128.44,131,127.58,130.79,117.3019,22223785,0
22-07-2022,140.15,140.31,125.13,128.25,115.0239,66246811,0
15-07-2022,140.62,141.87,135.02,139.92,125.4904,21089228,0
08-07-2022,139.97,141.325,135.27,140.47,125.9837,16229131,0
01-07-2022,142.26,144.155,139.26,141.12,126.5666,21052787,0
24-06-2022,135.9,142.37,135.9,142.06,127.4097,23921844,0
17-06-2022,133.97,138.45,132.85,135.02,121.0957,34055621,0
10-06-2022,142.98,144.73,135.25,136.19,122.145,18914084,0
03-06-2022,138.2,142.5794,136.81,141.18,126.6204,19861566,0
27-05-2022,129.5,139.7394,129.42,139.27,124.9074,19618090,0
20-05-2022,133.1,138.37,125.8,128.48,115.2302,27360441,0
13-05-2022,134.41,136.345,128.43,133.6,119.8221,31171489,1.65
06-05-2022,133,137.99,130.89,137.67,121.9754,27079586,0
29-04-2022,137.59,139.87,132,132.21,117.1378,24560464,0
22-04-2022,126.6,141.88,125.53,138.25,122.4893,47056765,0
14-04-2022,127.95,130.58,124.91,126.56,112.1319,15342641,0
08-04-2022,130.26,131.23,126.73,127.73,113.1686,16553021,0
01-04-2022,130.82,133.08,128.06,130.15,115.3127,19183786,0
25-03-2022,129,131.4,127.4,131.35,116.3759,15440952,0
18-03-2022,124.45,128.93,122.685,128.76,114.0811,22675632,0
11-03-2022,126.47,128.345,123.125,123.96,109.8284,23784887,0
04-03-2022,122.21,127.35,120.7,126.62,112.1851,26131658,0
25-02-2022,124.2,125,118.81,124.18,110.0233,20417161,0
18-02-2022,132.59,132.65,123.61,124.35,110.1739,26022824,0
11-02-2022,137.45,138.35,132.38,132.69,117.5631,23489144,1.64
04-02-2022,134.09,138.82,132.3,137.15,120.0402,27665550,0
28-01-2022,127.99,137.3361,124.193,134.5,117.7208,52800401,0
21-01-2022,132.95,133.9,129.27,129.35,113.2133,20520487,0
14-01-2022,134.47,136.2,127.97,134.21,117.467,32044685,0
07-01-2022,134.07,142.2,132.51,134.83,118.0097,36013766,0
31-12-2021,130.63,134.99,129.95,133.66,116.9856,18454937,0
23-12-2021,125.72,130.96,124.7,130.63,114.3336,17369625,0
17-12-2021,123.76,128.64,120.79,127.4,111.5066,35216850,0
10-12-2021,119.4,125.33,119.4,124.09,108.6095,25031512,0
03-12-2021,118.62,119.61,116.45,118.84,104.0145,36059651,0
26-11-2021,116,118.81,114.56,115.81,101.3625,17875027,0
19-11-2021,119.54,120.16,115.27,116.05,101.5725,24272797,0
12-11-2021,123.985,124.78,118.78,118.96,104.1195,29109912,1.64
05-11-2021,125.05,127.29,119.9,123.61,106.7409,29791780,0
29-10-2021,127.53,128.65,124.62,125.1,103.2768,34288134,0
22-10-2021,144,144.94,126.611,127.88,105.5718,59731582,0
15-10-2021,143.5,144.85,139.66,144.61,119.3833,16262687,0
08-10-2021,142.74,146,140.89,143.22,118.2358,27211291,0
01-10-2021,137.96,143.97,136.44,143.32,118.3184,23824191,0
24-09-2021,133.9,138.48,132.78,137.49,113.5054,18425230,0
17-09-2021,138.4,138.99,135.05,135.23,111.6396,20130213,0
10-09-2021,139.65,139.79,137,137.02,113.1174,13754250,0
03-09-2021,139.5,140.94,138.815,139.58,115.2308,13345045,0
27-08-2021,139.62,140.8,138.4,139.41,115.0905,12376600,0
20-08-2021,143.23,143.74,137.21,139.11,114.8428,16189007,0
13-08-2021,142.2,143.58,140.34,143.18,118.2028,18462255,1.64
06-08-2021,141.45,144.7,141.03,144.09,117.5888,16428567,0
30-07-2021,141.39,143.64,140.79,140.96,115.0344,16120616,0
23-07-2021,136.45,144.92,136.2089,141.34,115.3446,34786264,0
16-07-2021,141.43,141.9599,138.59,138.9,113.3533,18659679,0
09-07-2021,139.99,141.98,137.1,141.52,115.4914,21544898,0
02-07-2021,147.01,147.5,139.46,140.02,114.2673,29077036,0
25-06-2021,144.11,147.07,144.06,146.84,119.833,17129373,0
18-06-2021,150.71,151.03,143.04,143.12,116.7972,23177438,0
11-06-2021,147.55,152.84,147.17,151.28,123.4564,22042806,0
04-06-2021,145,147.55,143.75,147.42,120.3063,12453017,0
28-05-2021,145.06,145.39,143.04,143.74,117.3031,18483838,0
21-05-2021,144.44,145.8,140.92,144.74,118.1192,20546126,0
14-05-2021,145.8,148.38,141.14,144.68,118.0703,27415665,0
07-05-2021,143.81,148.515,143.55,145.46,118.7068,31590796,1.64
30-04-2021,142.42,148.74,140.55,141.88,114.4944,25588990,0
23-04-2021,133.6,144.74,132.58,142.43,114.9382,47246234,0
16-04-2021,135.02,135.37,130.38,133.59,107.8045,26831249,0
09-04-2021,133.64,136.69,133.4,135.73,109.5314,19179860,0
01-04-2021,135.98,137.07,132.27,133.23,107.514,18432506,0
26-03-2021,128.5,136.48,127.89,136.38,110.056,23647858,0
19-03-2021,127.77,130.995,127.34,128.9,104.0198,28046462,0
12-03-2021,122.99,128.64,122.88,127.61,102.9788,29253064,0
05-03-2021,120.35,123.75,118.755,122.83,99.1214,32662092,0
26-02-2021,118.5,124.35,118.44,118.93,95.9742,30731807,0
19-02-2021,120.15,120.94,118.38,118.99,96.0226,22567552,0
12-02-2021,122.62,123.9767,120.09,120.8,97.4832,24634263,1.63
05-02-2021,119.9,121.81,118.12,121.79,96.9874,28405606,0
29-01-2021,118.7624,124.79,117.45,119.11,94.8532,56437187,0
22-01-2021,129.28,132.24,117.36,118.61,94.455,61879427,0
15-01-2021,127.95,130.16,126.455,128.39,102.2433,29417959,0
08-01-2021,125.85,131.88,123.04,128.53,102.3548,28434389,0
31-12-2020,125.1,126.6,123.24,125.88,100.2444,14025419,0
24-12-2020,123.97,125.21,121.72,124.69,99.2968,14908439,0
18-12-2020,125.32,126.5728,123.44,125.85,100.2206,25280527,0
11-12-2020,126.49,127.69,123.61,124.27,98.9623,29511629,0
04-12-2020,124.1,127.38,122.41,127.2,101.2956,24848983,0
27-11-2020,117.43,125.313,117.27,124.35,99.026,19418148,0
20-11-2020,118.3,118.88,115.89,116.94,93.1251,22498909,0
13-11-2020,117.88,119.74,113.48,116.85,93.0534,30088820,1.63
06-11-2020,112.65,115.65,111.16,114.04,89.5522,25467232,0
30-10-2020,114.45,114.9,105.92,111.66,87.6832,37250916,0
23-10-2020,126.8,127.35,112.98,116,91.0913,50486636,0
16-10-2020,128.07,128.25,123.85,125.93,98.889,21874963,0
09-10-2020,121.84,135.5,121.05,127.79,100.3496,43381507,0
02-10-2020,120.57,123.3,118.82,120.57,94.68,15038264,0
25-09-2020,120.48,121.59,116.48,118.95,93.4079,18708494,0
18-09-2020,122.36,125.82,121.76,122.76,96.3997,18909398,0
11-09-2020,122.16,123.7,120.24,121.46,95.3789,16507866,0
04-09-2020,125.25,129.95,121.24,122.3,96.0385,26310920,0
28-08-2020,123.79,126.82,123.36,125.07,98.2137,16959794,0
21-08-2020,125.25,125.59,122.31,123.16,96.7138,15908978,0
14-08-2020,125.42,130.47,123.91,125.27,98.3708,18634659,0
07-08-2020,123.5,126.75,122.15,124.96,98.1273,17701697,1.63
31-07-2020,124.86,126.34,121.09,122.94,95.298,20010578,0
24-07-2020,126.07,132.17,125.14,125.79,97.5072,41040414,0
17-07-2020,119.78,125.63,117.92,125.11,96.9801,21958911,0
10-07-2020,121.25,121.85,115.2,118.35,91.74,22560031,0
02-07-2020,117.98,121.42,117.37,119.7,92.7865,16478700,0
26-06-2020,122.12,122.9,115.88,117.19,90.8408,35016186,0
19-06-2020,119.19,127.5,118.29,122.47,94.9337,24867689,0
12-06-2020,132.27,135.88,117.84,121.91,94.4996,33456639,0
05-06-2020,124.64,134.23,124.03,132.06,102.3674,19514867,0
29-05-2020,121.3,126.97,121.01,124.9,96.8173,23037728,0
22-05-2020,119.88,122.47,117.59,118.39,91.771,19484187,0
15-05-2020,121.81,124.32,111.81,116.98,90.6781,24229073,0
08-05-2020,120.82,124.32,119.39,122.99,95.3368,21189890,1.63
01-05-2020,125.56,129.31,121.39,121.87,93.2153,26502989,0
24-04-2020,119.15,125,112.06,124.72,95.3951,41252209,0
17-04-2020,121.63,125.18,114.42,120.12,91.8767,27240371,0
09-04-2020,110.35,122.92,110.13,121.5,92.9323,23351117,0
03-04-2020,108.09,113.81,104.52,106.34,81.3368,28882211,0
27-03-2020,94.6,113.15,90.56,108.03,82.6294,39907532,0
20-03-2020,98,107.41,94.71,95.39,72.9614,47138046,0
13-03-2020,120.16,124.88,100.81,107.95,82.5682,55580046,0
06-03-2020,130.75,136.1,124.52,127.73,97.6974,35054761,0
28-02-2020,145.51,148.05,126.36,130.15,99.5484,38480655,0
21-02-2020,149.79,151.89,148.84,149.84,114.6088,12493166,0
14-02-2020,152.97,155.6,149.77,150.7,115.2666,23423757,0
07-02-2020,144.25,158.75,143.9,153.41,117.3394,43694755,1.62
31-01-2020,138.5,144.05,134.97,143.73,108.7866,34661511,0
24-01-2020,137.81,145.79,137.6,140.56,106.3873,34829367,0
17-01-2020,135.48,138.33,135.07,138.31,104.6843,20831539,0
10-01-2020,133.42,137.87,133.2,136.69,103.4582,17020619,0
03-01-2020,135.2,135.92,132.4,134.34,101.6795,13418364,0
27-12-2019,135.78,136.15,134.61,135.27,102.3834,8887084,0
20-12-2019,134.94,136.42,133.46,135.59,102.6256,20036502,0
13-12-2019,133.35,135.66,133.26,134.21,101.5811,17504239,0
06-12-2019,134.45,134.5,130.69,133.22,100.8318,17337693,0
29-11-2019,134.47,136.15,133.03,134.45,101.7628,11502959,0
22-11-2019,134.3,135.38,132.75,134.34,101.6795,16963107,0
15-11-2019,137.2,137.2,133.33,134.4,101.7249,16169172,0
08-11-2019,136.24,139.14,136.16,137.61,104.1545,17174941,1.62
01-11-2019,136,136.63,133.2,135.53,101.3873,16136475,0
25-10-2019,132.61,135.93,130.9,135.44,101.32,19388201,0
18-10-2019,142.31,143.72,132.25,134.09,100.3101,34208011,0
11-10-2019,142.26,144.5,138.25,142.76,106.7959,14096608,0
04-10-2019,143.73,147.35,139.18,142.99,106.968,15911420,0
27-09-2019,141.19,145.09,140.56,143.24,107.155,12376163,0
20-09-2019,142.56,145.03,140.51,141.88,106.1376,15262993,0
13-09-2019,140.59,145.46,140.46,143.67,107.4767,17776693,0
06-09-2019,134.85,141.7,133.33,140.57,105.1576,12663912,0
30-08-2019,131.05,136.07,129.16,135.53,101.3873,16211916,0
23-08-2019,134.88,136.33,128.83,129.57,96.9288,16504912,0
16-08-2019,135.66,136.57,130.25,133.76,100.0632,20933133,0
09-08-2019,144.98,145.1,135.35,136.13,101.8362,28623442,1.62
02-08-2019,151.11,152.95,145.59,147.25,108.8956,22876887,0
26-07-2019,150.16,151.94,148.38,151.36,111.9351,16794485,0
19-07-2019,142.89,151.58,141.95,149.68,110.6927,31893327,0
12-07-2019,141.05,142.92,139.13,142.74,105.5604,13194248,0
05-07-2019,139.6,141.82,139.28,141.38,104.5546,9862722,0
28-06-2019,139.2,140.15,137.84,137.9,101.981,15575818,0
21-06-2019,135.39,139.54,134.7,139.2,102.9424,15851123,0
14-06-2019,134.38,136.46,133.91,135.15,99.9473,13722199,0
07-06-2019,127.1,134.72,127.06,133.31,98.5866,16193845,0
31-05-2019,132.13,132.64,126.85,126.99,93.9128,14869322,0
24-05-2019,133.53,137.06,130.44,132.28,97.8249,15557532,0
17-05-2019,133.28,136.11,130.96,134.32,99.3335,16426011,0
10-05-2019,138.3,140.69,132.42,135.32,100.0731,19509963,1.62
03-05-2019,139.15,141.81,138.68,140.25,102.4921,16772230,0
26-04-2019,139.42,141.31,137.71,139.44,101.9002,16961387,0
18-04-2019,144.4,145.39,136.26,140.33,102.5506,27390537,0
12-04-2019,143.02,144.44,141.84,144.35,105.4883,13675882,0
05-04-2019,141.51,144.22,141.51,143.28,104.7064,14574262,0
29-03-2019,139.06,141.22,138.35,141.1,103.1133,14257045,0
22-03-2019,139.83,142.12,138.72,139.45,101.9075,17883337,0
15-03-2019,136.03,140.33,135.84,139.43,101.8929,20959826,0
08-03-2019,139.99,140.08,133.58,135.09,98.7213,18558647,0
01-03-2019,140,140.49,137.72,139.2,101.7248,15273342,0
22-02-2019,137.81,139.38,137.22,139.25,101.7613,13238819,0
15-02-2019,134.29,138.19,133.91,138.03,100.8698,17299173,0
08-02-2019,134.02,136.65,132.12,133.71,97.7128,21874687,1.57
01-02-2019,133.1,135.41,132.58,134.1,96.8561,23585862,0
25-01-2019,123.3,135,121.54,133.97,96.7622,44147478,0
18-01-2019,120.51,124.72,119.76,123.82,89.4312,23616108,0
11-01-2019,117.5,121.86,116.67,121.46,87.7266,19780844,0
04-01-2019,113.33,117.49,111.69,117.32,84.7365,18047093,0
28-12-2018,109.9,114.8,105.94,113.03,81.6379,21630293,0
21-12-2018,119.07,120.27,110.44,110.94,80.1284,39485288,0
14-12-2018,119.74,123.81,118.52,119.9,86.5999,23701178,0
07-12-2018,125.67,126.59,118.87,119.34,86.1954,25801474,0
30-11-2018,118.37,124.69,118.06,124.27,89.7562,27471124,0
23-11-2018,121.63,122.18,116.7,117.19,84.6426,18035587,0
16-11-2018,123.5,123.57,119.51,121.57,87.8061,23510061,0
09-11-2018,116.1,125.06,116,123.54,89.229,48482997,1.57
02-11-2018,119.34,123.95,114.09,115.67,82.495,87773431,0
26-10-2018,129.58,131.9,123.71,124.79,88.9993,36964774,0
19-10-2018,140.38,145.45,127.96,129.1,92.0731,50928336,0
12-10-2018,148.5,149.07,138.78,140.85,100.4532,27703434,0
05-10-2018,151.71,154.36,147.87,149.03,106.2871,18943237,0
28-09-2018,151.1,153.35,148.36,151.21,107.8418,22847744,0
21-09-2018,148.44,152.6,147.47,151.35,107.9417,37327961,0
14-09-2018,146.6,149.3,145.25,148.33,105.7878,20298346,0
07-09-2018,145.98,147.66,144.81,145.45,103.7338,15394651,0
31-08-2018,146.94,147.93,145.25,146.48,104.4684,15929583,0
24-08-2018,146.37,147.16,144.75,146.04,104.1546,12992907,0
17-08-2018,144.15,146.39,142,146.06,104.1689,17890077,0
10-08-2018,146.95,147.64,143.88,144.48,103.042,17100909,1.57
03-08-2018,144.8,147.92,142.33,147.7,104.2084,24366161,0
27-07-2018,146.35,149.27,144.66,145.15,102.4093,19940363,0
20-07-2018,145.67,150.54,142.74,146.35,103.2559,36572622,0
13-07-2018,142.59,146.98,142.47,145.9,102.9384,17395351,0
06-07-2018,138.28,142.94,138.2,142.48,100.5255,12024030,0
29-06-2018,140.4,141.36,137.45,139.7,98.5641,25451478,0
22-06-2018,144.18,144.52,140.78,141.28,99.6788,21004666,0
15-06-2018,146.62,147.52,143.7,145.39,102.5786,21311072,0
08-06-2018,142.3,146.7,142.18,146.14,103.1078,18618365,0
01-06-2018,142.53,143.1,140.21,141.95,100.1516,20343954,0
25-05-2018,144.95,146.2,142.95,143.64,101.3439,16951460,0
18-05-2018,144.47,145.19,142.92,144.08,101.6544,16304020,0
11-05-2018,144,144.85,141.28,144.14,101.6967,20021856,1.57
04-05-2018,146.86,147.38,139.9,143.91,100.4288,23464605,0
27-04-2018,145.03,147.36,144.11,146.48,102.2223,25028049,0
20-04-2018,157.99,162,144.51,144.9,101.1197,51127683,0
13-04-2018,151.8,159.22,151.74,156.71,109.3614,21372171,0
06-04-2018,153.34,154.92,147.45,150.57,105.0765,20949699,0
29-03-2018,151.21,154.87,150.28,153.43,107.0724,14934365,0
23-03-2018,159.71,159.89,148.54,148.89,103.9041,21959274,0
16-03-2018,159.64,162.11,157.74,160.26,111.8388,25076217,0
09-03-2018,154.12,159.58,153.75,159.31,111.1758,22842811,0
02-03-2018,155.81,159.78,151.88,154.49,107.8121,18831762,0
23-02-2018,155.79,156.79,152.79,155.52,108.5309,14987102,0
16-02-2018,150.9,157.79,149.64,156.18,108.9915,25701914,0
09-02-2018,157.89,158.5,144.4,149.51,104.3368,38856237,1.5
02-02-2018,167.45,168.39,158.87,159.03,109.8638,21842492,0
26-01-2018,161.51,168.72,161.11,167.34,115.6047,28170112,0
19-01-2018,165.1,171.13,161.3,162.37,112.1712,51246304,0
12-01-2018,162.66,164.94,161.7,163.14,112.7032,22376145,0
05-01-2018,154.5,162.9,153.54,162.49,112.2541,26160206,0
29-12-2017,152.51,154.72,152.5,153.42,105.9882,10573732,0
22-12-2017,153.41,154.18,151.49,152.5,105.3527,20045931,0
15-12-2017,154.97,157.85,152.03,152.5,105.3527,31101402,0
08-12-2017,155.67,156.8,153.26,154.81,106.9485,20236835,0
01-12-2017,152.06,155.02,151.62,154.76,106.914,24386604,0
24-11-2017,150.64,152.45,149.9,151.84,104.8967,13728716,0
17-11-2017,148.88,150.15,146.211,148.97,102.914,23731918,0
10-11-2017,151.77,151.82,149.14,149.16,103.0453,21891991,1.5
03-11-2017,153.76,154.93,151.49,151.58,103.6823,19467703,0
27-10-2017,162.05,162.51,152.911,153.68,105.1188,28529638,0
20-10-2017,147.22,162.48,146.18,162.07,110.8576,56148944,0
13-10-2017,146.5,148.95,146.35,147.1,100.618,16128636,0
06-10-2017,145.35,147.54,145.21,146.48,100.1939,12252293,0
29-09-2017,145.12,147.42,144.21,145.08,99.2363,18131168,0
22-09-2017,144.81,145.8911,144.22,145.13,99.2705,16890140,0
15-09-2017,143.54,146.38,143.01,144.82,99.0584,24882951,0
08-09-2017,143.5,144.64,141.64,142.45,97.4373,13803467,0
01-09-2017,144.11,144.56,141.9,144.08,98.5523,17765494,0
25-08-2017,139.59,144.19,139.13,143.74,98.3197,15927109,0
18-08-2017,142,143.34,139.58,139.7,95.5563,18585485,0
11-08-2017,145,145.09,141.19,141.84,97.0201,18161288,1.5
04-08-2017,144.38,145.67,144.17,145.16,98.2539,16503121,0
28-07-2017,147,147.49,143.64,144.29,97.665,21206630,0
21-07-2017,153.59,154.29,146.51,147.08,99.5535,39223438,0
14-07-2017,152.91,154.615,152.05,154.24,104.3998,15015697,0
07-07-2017,153.58,156.025,152.14,152.94,103.5199,11462576,0
30-06-2017,154.71,155.75,153.14,153.83,104.1223,13465670,0
23-06-2017,155.51,155.86,153.39,154.11,104.3118,18294998,0
16-06-2017,154.19,157.2,152.94,155.38,105.1715,23761609,0
09-06-2017,151.82,154.265,150.8,154.1,104.3051,20653101,0
02-06-2017,151.95,153.2,151.59,152.05,102.9175,13583558,0
26-05-2017,152.1,153.73,151.23,152.49,103.2153,14563625,0
19-05-2017,150.62,154.14,150.11,151.98,102.8701,23606431,0
12-05-2017,152.8,153.47,149.79,150.37,101.7804,28432713,1.5
05-05-2017,160.05,160.42,153,155.05,103.9294,28746997,0
28-04-2017,161.29,162.04,159.63,160.29,107.4417,22585454,0
21-04-2017,169.75,171.69,159.6,160.38,107.5021,22353091,0
13-04-2017,172.53,172.56,168.98,169.53,113.6353,15162492,0
07-04-2017,173.82,176.33,171.28,172.14,115.3847,20657952,0
31-03-2017,172.69,175,172.0937,174.14,116.7253,15949938,0
24-03-2017,175.65,176.23,172.8,173.83,116.5175,16816026,0
17-03-2017,177.85,179,174.75,175.65,117.7375,20678038,0
10-03-2017,179.72,181.29,175.88,177.83,119.1987,18283618,0
03-03-2017,181.19,182.55,179.28,180.05,120.6868,14713309,0
24-02-2017,180.6,182.5,179.12,181.35,121.5582,13082284,0
17-02-2017,179.24,182.79,178.35,180.67,121.1024,15587334,0
10-02-2017,175.31,178.8701,174.38,178.68,119.7685,15458288,1.4
03-02-2017,176.98,177.07,172.89,175.82,116.9223,16952754,0
27-01-2017,170.08,179.25,170.01,177.3,117.9065,24898161,0
20-01-2017,166.69,170.64,165.8,170.55,113.4177,26891514,0
13-01-2017,169.47,169.8,165.34,167.34,111.283,16710843,0
06-01-2017,167,169.92,166.01,169.53,112.7393,11943248,0
30-12-2016,166.98,167.98,165.5,165.99,110.3852,7770697,0
23-12-2016,166.83,168.25,165.25,166.71,110.864,13209502,0
16-12-2016,166.72,169.952,165.07,166.73,110.8773,23953742,0
09-12-2016,160.85,166.72,158.93,166.52,110.7377,17154330,0
02-12-2016,163.2,164.66,158.3,160.02,106.4151,19370850,0
25-11-2016,160.69,163.19,160.3697,163.14,108.4899,11269212,0
18-11-2016,161.25,161.86,157.55,160.39,106.6611,16168917,0
11-11-2016,153.99,161.34,151,161.27,107.2464,25292112,1.4
04-11-2016,152.76,154.33,151.67,152.43,100.4613,15168515,0
28-10-2016,150.4,154.44,149.83,152.61,100.5799,16009359,0
21-10-2016,154.45,155.89,147.79,149.63,98.6159,31731091,0
14-10-2016,156.71,158.49,152.27,154.45,101.7926,15614452,0
07-10-2016,158.06,158.53,154.86,155.67,102.5966,11417766,0
30-09-2016,154.46,165,153.46,158.85,104.6925,15801644,0
23-09-2016,154.87,157.22,153.87,154.98,102.1419,12476162,0
16-09-2016,155.26,158.53,153.21,153.84,101.3905,21990587,0
09-09-2016,159.88,161.76,155.65,155.69,102.6098,15009419,0
02-09-2016,158.83,160.57,158.1,159.55,105.1538,11286596,0
26-08-2016,160,161.34,157.85,158.32,104.3432,13571765,0
19-08-2016,162.4,162.97,159.52,160.04,105.4767,14873739,0
12-08-2016,162.73,164.95,161.52,161.95,106.7356,19554950,1.4
05-08-2016,160.65,163.51,159.8,163.5,106.8341,15067283,0
29-07-2016,162,163.6,160.03,160.62,104.9522,13747991,0
22-07-2016,159.3,162.17,157.89,162.07,105.8997,24775973,0
15-07-2016,154.6,161.4,154.5,159.78,104.4034,18535456,0
08-07-2016,151.19,154.6,149.92,154.46,100.9272,10213227,0
01-07-2016,146.18,152.97,142.5,152.35,99.5485,19155814,0
24-06-2016,152.6,155.48,146.18,146.59,95.7848,22214411,0
17-06-2016,151.63,152.72,149,151.99,99.3132,15849580,0
10-06-2016,153.09,154.09,151.86,152.37,99.5615,14920842,0
03-06-2016,152.56,153.81,151.54,152.89,99.9013,13470239,0
27-05-2016,147.61,152.93,146.66,152.84,99.8686,14910875,0
20-05-2016,147.65,149.99,143.955,147.25,96.216,16406443,0
13-05-2016,147.7,151.09,147.01,147.72,96.5231,17034303,0
06-05-2016,146.56,147.97,142.9,147.29,96.2421,21059912,1.4
29-04-2016,148.16,150.78,144.191,145.94,94.4622,16956550,0
22-04-2016,151.75,153.14,142.61,148.5,96.1192,37688644,0
15-04-2016,150.26,152.76,148.58,151.72,98.2034,17443203,0
08-04-2016,152.34,153.52,147.81,149.35,96.6693,18417556,0
01-04-2016,147.75,153.1,147.23,152.52,98.7212,20439783,0
24-03-2016,147.3,149.28,144.49,147.95,95.7632,17611709,0
18-03-2016,142.01,147.51,141.04,147.09,95.2065,29886417,0
11-03-2016,137.28,142.9236,136.8718,142.36,92.1449,23556160,0
04-03-2016,132,139.42,130.9,137.8,89.1934,22557187,0
26-02-2016,133.84,134.92,129.68,132.03,85.4587,20763400,0
19-02-2016,121.83,134,121.34,133.08,86.1383,23958762,0
12-02-2016,126,127.51,116.901,121.04,78.3452,32025579,1.3
05-02-2016,124.4,128.64,122.29,128.57,82.3758,25527891,0
29-01-2016,122.1,124.79,120.65,124.79,79.9539,27278749,0
22-01-2016,130.11,132.1,118,122.5,78.4867,44203492,0
15-01-2016,131.81,134.2799,128.87,130.03,83.3112,29470082,0
08-01-2016,135.6,136.89,131.32,131.63,84.3363,25251873,0
31-12-2015,137.74,140.44,136.54,137.62,88.1742,13538507,0
24-12-2015,135.83,139.305,134.02,138.25,88.5778,16540309,0
18-12-2015,135.31,139.65,134.02,134.9,86.4315,27823388,0
11-12-2015,140.16,140.41,133.91,134.57,86.22,21354563,0
04-12-2015,138.61,141.4,137.99,140.43,89.9746,22935841,0
27-11-2015,138.53,139.34,137.12,138.46,88.7124,13199481,0
20-11-2015,131.79,138.915,131.79,138.5,88.738,21083793,0
13-11-2015,137.92,138.08,131.65,131.75,84.4132,25069755,0
06-11-2015,140.5,142.8,137.87,138.25,88.5778,21526383,1.3
30-10-2015,144.75,145,137.33,140.08,88.9142,34698762,0
23-10-2015,149.85,149.97,139.3,144.68,91.834,42068316,0
16-10-2015,152.4,152.58,148.58,150.39,95.4584,17455488,0
09-10-2015,145.82,153.147,145.82,152.39,96.7279,19465122,0
02-10-2015,144.42,145.71,140.56,144.58,91.7706,19914471,0
25-09-2015,145.39,146.98,141.95,145.42,92.3038,16815584,0
18-09-2015,147.37,149.68,143.98,144.51,91.7261,20721826,0
11-09-2015,145.86,149.04,144.51,147.37,93.5415,13916382,0
04-09-2015,147.26,148.4,141.85,143.7,91.212,21421138,0
28-08-2015,143.47,148.97,140.62,147.98,93.9287,32508092,0
21-08-2015,155.2,156.69,148.7,148.85,94.4809,19846207,0
14-08-2015,156.77,157.4652,153.95,155.75,98.8606,17165086,0
07-08-2015,161.7,161.85,154.335,155.12,98.4607,20138504,1.3
31-07-2015,159,162.06,158.5,161.99,101.9733,15380412,0
24-07-2015,172.79,173.78,159.41,159.75,100.5633,37075256,0
17-07-2015,167.93,172.52,167.52,172.51,108.5957,17138495,0
10-07-2015,163.83,167.4,162.2317,166.95,105.0957,18143986,0
02-07-2015,163.92,165.61,162.12,165.09,103.9248,12979210,0
26-06-2015,167.65,169.97,165.23,165.46,104.1577,20939777,0
19-06-2015,165.33,168.72,164.25,166.99,105.1209,20761376,0
12-06-2015,167.17,170.44,163.37,166.99,105.1209,18364270,0
05-06-2015,170.21,171.5601,167.2,167.4,105.379,13868111,0
29-05-2015,172.11,172.48,169.13,169.65,106.7953,12435919,0
22-05-2015,173.44,174.44,171.93,172.22,108.4132,11939607,0
15-05-2015,172.65,174.41,168.84,173.26,109.0678,13435074,0
08-05-2015,174.47,176.3,168.86,172.68,108.7027,16793441,1.3
01-05-2015,170.89,175.1303,170.02,173.67,108.4965,21874751,0
24-04-2015,162.1,171.91,161.9,169.78,106.0663,35436301,0
17-04-2015,162.37,164.96,160.03,160.67,100.375,17532781,0
10-04-2015,159.69,163.84,158.702,162.86,101.7432,13917063,0
02-04-2015,161.31,163.6,158.39,160.45,100.2376,16765545,0
27-03-2015,162.77,165.35,158.91,160.4,100.2064,23569213,0
20-03-2015,155.05,163,154.8,162.88,101.7557,25684872,0
13-03-2015,158.2,161.15,153.4,154.28,96.383,26135448,0
06-03-2015,161.68,161.89,158.06,158.5,99.0194,21117049,0
27-02-2015,164.23,164.99,159.77,161.94,101.1685,22941227,0
20-02-2015,159.75,164.49,159.73,163.65,102.2367,14108892,0
13-02-2015,156,160.8,155.08,160.4,100.2064,18164756,0
06-02-2015,154,158.71,151.51,156.72,97.9074,22439830,1.1
30-01-2015,158.26,159.46,149.52,153.31,95.1095,32927307,0
23-01-2015,156.7,157.6,151.07,155.87,96.6976,31230797,0
16-01-2015,159,159.97,153.74,157.14,97.4855,23272056,0
09-01-2015,161.27,161.27,154.03,159.11,98.7077,24440360,0
02-01-2015,162,163.31,159.45,162.06,100.5378,15698987,0
26-12-2014,158.33,163.09,158.33,162.34,100.7115,12508916,0
19-12-2014,155.93,160.41,150.5,158.51,98.3354,34588770,0
12-12-2014,163.29,163.33,155.33,155.38,96.3937,23397756,0
05-12-2014,161.64,164.52,161.35,163.27,101.2884,20945441,0
28-11-2014,161.54,163.86,161.01,162.17,100.606,17053892,0
21-11-2014,164.16,164.97,159.8,160.92,99.8305,22273217,0
14-11-2014,161.9,164.49,161.61,164.16,101.8405,20088151,0
07-11-2014,164.25,164.54,160.05,162.07,100.544,20603321,1.1
31-10-2014,162,165.59,161.8,164.4,101.2993,27342119,0
24-10-2014,166.845,170.331,161.1,162.08,99.8698,69701346,0
17-10-2014,185.49,186.65,178.69,182.05,112.1748,24355568,0
10-10-2014,189.69,190.89,185.1,185.93,114.5656,15795271,0
03-10-2014,188.51,190.85,186.24,188.67,116.2539,14352364,0
26-09-2014,193.72,194.14,188.61,190.06,117.1104,16209901,0
19-09-2014,191.42,195,190.58,194,119.5381,20044000,0
12-09-2014,190.75,192.78,189.51,191.28,117.8621,12878100,0
05-09-2014,192.68,192.97,190.06,191.2,117.8128,9627700,0
29-08-2014,191.39,194.133,190.66,192.3,118.4906,11487700,0
22-08-2014,188.1,192.07,187.76,190.41,117.326,11074800,0
15-08-2014,187.81,188.88,186.28,187.38,115.459,10927100,0
08-08-2014,189.35,189.95,183.58,186.63,114.9969,14770900,1.1
01-08-2014,194.3,196.4,188.86,189.15,115.8643,19838900,0
25-07-2014,191.3,195.9,189.25,194.4,119.0802,19580700,0
18-07-2014,188.55,195.95,188.21,192.5,117.9164,34217100,0
11-07-2014,187.61,188.9,186.21,188,115.1599,14983700,0
03-07-2014,181.33,188.99,180.26,188.53,115.4845,18382300,0
27-06-2014,181.92,183,179.27,181.71,111.3069,17703900,0
20-06-2014,182.4,184.47,181.235,181.55,111.2089,24186800,0
13-06-2014,186.22,187.64,180.91,182.56,111.8276,18143900,0
06-06-2014,184.76,187.65,183.92,186.37,114.1614,14243300,0
30-05-2014,184.8,185.65,182.33,184.36,112.9302,15895800,0
23-05-2014,186.61,187.16,184.7,185.94,113.898,14066100,0
16-05-2014,191.12,193.03,185.93,187.06,114.5841,19407200,0
09-05-2014,191.05,191.49,186.93,190.08,116.434,13925300,1.1
02-05-2014,191.14,196.86,190.58,191.44,116.5896,21195300,0
25-04-2014,189.8,193,189.11,189.63,115.4873,22312800,0
17-04-2014,196.24,198.71,187.01,190.01,115.7187,30565200,0
11-04-2014,191.72,199.21,191.57,195.19,118.8734,30598500,0
04-04-2014,191.64,195.13,191.28,191.77,116.7905,29036500,0
28-03-2014,187.43,195.63,187.37,190.45,115.9866,35465000,0
21-03-2014,182.66,188.7,182.66,186.67,113.6846,30821100,0
14-03-2014,187.55,188.45,182.21,182.21,110.9684,24057200,0
07-03-2014,183.33,188.92,182.82,187.68,114.2997,20103400,0
28-02-2014,182.82,186.12,182.82,185.17,112.7711,20734000,0
21-02-2014,183.18,185.71,182.32,182.79,111.3216,19774200,0
14-02-2014,176.97,184.43,176.25,183.69,111.8697,21312600,0
07-02-2014,176.02,177.56,172.19,177.25,107.9477,25234000,0.95
31-01-2014,179.605,179.65,175.34,176.68,107.0185,25559900,0
24-01-2014,190.23,190.39,179.64,179.64,108.8114,38736900,0
17-01-2014,186.26,190.81,183.86,190.09,115.1412,27635300,0
10-01-2014,187.15,190.35,185.3,187.26,113.427,22947500,0
03-01-2014,185.32,187.79,184.67,186.64,113.0514,15248000,0
27-12-2013,181.05,186.5,180.61,185.08,112.1065,12400800,0
20-12-2013,173.22,182,172.73,180.02,109.0416,32267100,0
13-12-2013,177.99,178.152,172.73,172.8,104.6683,21870800,0
06-12-2013,179.46,179.59,175.16,177.67,107.6181,24816100,0
29-11-2013,180.25,180.76,177.31,179.68,108.8356,20384900,0
22-11-2013,183.52,186.24,179.92,181.3,109.8169,25637400,0
15-11-2013,180.19,184.0487,179.66,183.19,110.9617,25682800,0
08-11-2013,179.9,181.39,177.35,179.99,109.0234,25635300,0.95
01-11-2013,177.04,182.32,176.2,179.23,107.9905,25853600,0
25-10-2013,174.42,179.1,172.6301,176.85,106.5565,29861500,0
18-10-2013,185.41,186.99,172.57,173.78,104.7068,45663100,0
11-10-2013,181.85,186.23,178.71,186.16,112.166,20859700,0
04-10-2013,185.56,186.74,183,184.1,110.9248,16351900,0
27-09-2013,190.06,192.41,186.45,186.92,112.6239,15079700,0
20-09-2013,193.7,194.89,190.02,190.02,114.4918,22379100,0
13-09-2013,183.68,193.1,183.31,192.17,115.7872,18194900,0
06-09-2013,183.63,185,182.31,183.03,110.2801,11856200,0
30-08-2013,185.27,187,181.1,182.27,109.8222,15052200,0
23-08-2013,185.3,186.57,183.1685,185.42,111.7202,14564700,0
16-08-2013,186.97,189.99,185.34,185.34,111.672,16580500,0
09-08-2013,195.16,195.88,186.79,187.82,113.1662,20128300,0.95
02-08-2013,196.83,197.83,193.2215,195.16,116.9993,15338600,0
26-07-2013,193.4,197.83,193.2804,197.35,118.3122,14719100,0
19-07-2013,192.42,200.94,191.68,193.54,116.0281,31679400,0
12-07-2013,195.6,195.78,190.78,192.07,115.1468,20715900,0
05-07-2013,192.15,195.16,190.26,194.93,116.8614,12378100,0
28-06-2013,193.99,196.9,188.41,191.11,114.5713,25092600,0
21-06-2013,203.44,206.09,193.5401,195.46,117.1791,22773400,0
14-06-2013,206.97,206.98,200.34,202.2,121.2198,14580500,0
07-06-2013,208.25,210.05,201.47,206.35,123.7077,17768500,0
31-05-2013,207.44,211.98,206.04,208.02,124.7089,16799600,0
24-05-2013,208.02,210.15,204.42,205.72,123.3301,20259100,0
17-05-2013,204.18,209.5,202.04,208.44,124.9607,21587300,0
10-05-2013,203.79,205,201.52,204.47,122.5807,18700700,0.95
03-05-2013,194.78,205.319,194.65,204.51,122.0386,26809200,0
26-04-2013,191.15,195.17,187.68,194.31,115.9519,27976600,0
19-04-2013,210.44,212,189.76,190,113.38,35696400,0
12-04-2013,209.07,213.09,207.33,211.38,126.1382,15273700,0
05-04-2013,212.8,214.89,206.34,209.41,124.9626,16247600,0
28-03-2013,212.54,213.44,209.735,213.3,127.2839,12516100,0
22-03-2013,212.9,215.82,210.11,212.08,126.5559,18085500,0
15-03-2013,210.04,215.9,209.04,214.92,128.2506,23433000,0
08-03-2013,202.59,210.74,202.55,210.38,125.5415,18680900,0
01-03-2013,201.67,203.123,197.51,202.91,121.0838,19419000,0
22-02-2013,200.6,201.89,198.11,201.09,119.9978,13744500,0
15-02-2013,200.98,201.95,199.02,200.98,119.9321,14498300,0
08-02-2013,204.19,205.02,198.68,201.68,120.3499,16419900,0.85
01-02-2013,204.85,206.22,202.96,205.18,121.9229,15901300,0
25-01-2013,194.36,208.58,194.01,204.97,121.7981,27508900,0
18-01-2013,192.82,195,190.39,194.47,115.5587,19748400,0
11-01-2013,193.4,195,191.28,194.45,115.5469,16589700,0
04-01-2013,189.23,196.35,188.84,193.99,115.2735,15943900,0
28-12-2012,193.05,193.83,189.83,189.83,112.8015,11911900,0
21-12-2012,191.76,196.45,191.57,193.42,114.9348,24598600,0
14-12-2012,192.17,194.8,191.26,191.76,113.9484,19274500,0
07-12-2012,190.76,192.2,186.94,191.95,114.0613,18850300,0
30-11-2012,192.45,193.37,189.27,190.07,112.9442,21119100,0
23-11-2012,188.62,193.49,188.25,193.49,114.9764,15826300,0
16-11-2012,190.03,190.88,184.78,186.94,111.0842,18951000,0
09-11-2012,192.36,196.75,188.88,189.64,112.6886,17977200,0.85
02-11-2012,194.8,198,193.29,193.43,114.4319,14071200,0
26-10-2012,193.71,194.68,190.56,193.27,114.3373,19824000,0
19-10-2012,208.88,211,193.18,193.36,114.3905,37283100,0
12-10-2012,210.02,210.74,205.05,207.8,122.9331,15209500,0
05-10-2012,208.01,211.79,207.94,210.59,124.5837,17786100,0
28-09-2012,205.02,208.32,203.9,207.45,122.7261,17962400,0
21-09-2012,205.55,207.99,205.3,205.98,121.8564,24867400,0
14-09-2012,199.39,207.65,198.73,206.81,122.3474,19339300,0
07-09-2012,196.61,199.5,193.25,199.5,118.0229,15172300,0
31-08-2012,197.96,198.3,193.18,194.85,115.272,13113600,0
24-08-2012,200.69,201.13,194.2,197.77,116.9994,14140300,0
17-08-2012,198.88,202,197.72,201.22,119.0404,12373700,0
10-08-2012,198.76,200.88,197.24,199.29,117.8987,12376100,0.85
03-08-2012,196.32,198.95,193.02,198.52,116.9437,14944000,0
27-07-2012,189.78,197.41,188.2,196.39,115.689,18795600,0
20-07-2012,185.58,196.85,183.2,192.45,113.368,31507600,0
13-07-2012,190.76,191.14,181.85,186.01,109.5743,22998800,0
06-07-2012,196.36,197.2,189.74,191.41,112.7554,11920500,0
29-06-2012,192.48,195.81,188.9,195.58,115.2118,18637100,0
22-06-2012,197.57,199.99,193.19,193.7,114.1044,23194300,0
15-06-2012,196.6,199.27,192.14,199.1,117.2854,19518700,0
08-06-2012,188.34,195.8299,187,195.14,114.9526,18002600,0
01-06-2012,195.22,198.08,188.6,189.08,111.3828,21714900,0
25-05-2012,195.98,198.26,193.2,194.3,114.4578,17970000,0
18-05-2012,199.92,201.4679,195.16,195.88,115.3885,22381000,0
11-05-2012,203.96,204.77,199.06,201.17,118.5048,17219400,0.85
04-05-2012,206.71,208.929,204.4,204.99,120.2477,14699600,0
27-04-2012,197.89,208.17,196.791,206.81,121.3154,20048100,0
20-04-2012,204.74,207.64,197.521,199.6,117.0859,30566700,0
13-04-2012,204.4,206.17,202.17,202.8,118.9631,17522600,0
05-04-2012,208.96,210.69,204.46,205.47,120.5293,15692400,0
30-03-2012,206.45,209.12,206.02,208.65,122.3947,16007300,0
23-03-2012,205.71,206.53,203.702,205.48,120.5352,17132200,0
16-03-2012,200.93,207.52,200.23,206.01,120.8461,25846100,0
09-03-2012,198.36,201.19,196.812,200.62,117.6843,21823600,0
02-03-2012,196.78,199.17,196.1,198.81,116.6225,19330600,0
24-02-2012,193.73,199.23,192.46,197.76,116.0066,17955300,0
17-02-2012,193.31,193.86,190.831,193.42,113.4607,17149800,0
10-02-2012,192.48,194.46,191.28,192.42,112.8741,18144100,0.75
03-02-2012,189.39,194.81,188.22,193.64,113.15,22703600,0
27-01-2012,187.91,192.79,187.67,190.46,111.2918,22822200,0
20-01-2012,180.36,188.97,179.32,188.52,110.1582,32020900,0
13-01-2012,182.2,183.72,177.3472,179.16,104.6889,26633200,0
06-01-2012,186.73,188.71,182.31,182.54,106.6639,19352900,0
30-12-2011,184.97,186.48,183.34,183.88,107.4469,12119700,0
23-12-2011,184.51,187.33,179.04,184.75,107.9553,27166800,0
16-12-2011,193.64,194.3,181.91,183.57,107.2658,30186100,0
09-12-2011,191.18,194.9,190.32,194.56,113.6876,24142900,0
02-12-2011,182.71,191.33,180.67,189.66,110.8243,25843600,0
25-11-2011,183.37,183.96,177.06,177.06,103.4618,16357400,0
18-11-2011,189.17,189.97,183.39,185.24,108.2416,25522100,0
11-11-2011,186.22,187.88,181.16,187.38,109.4921,20903100,0.75
04-11-2011,185.59,187.78,180.74,186.38,108.4733,22918900,0
28-10-2011,181.51,188.07,179.03,187.45,109.096,28719000,0
21-10-2011,189.71,190.16,176.17,181.63,105.7088,46796000,0
14-10-2011,183,190.53,182.9,190.53,110.8886,26220900,0
07-10-2011,174.36,183.72,168.88,182.39,106.1511,38117800,0
30-09-2011,170.96,180.91,169.86,174.87,101.7744,36868400,0
23-09-2011,169.5,177.67,165.76,169.34,98.556,31790500,0
16-09-2011,159.64,172.99,158.76,172.99,100.6803,33464200,0
09-09-2011,163.06,169.58,160.81,161.37,93.9174,25328900,0
02-09-2011,170.58,173.72,166,166.98,97.1824,26288300,0
26-08-2011,161.35,169.33,157.62,169.14,98.4396,33789200,0
19-08-2011,171.32,174,157.13,157.54,91.6884,47511700,0
12-08-2011,168.83,172.61,161.85,168.2,97.8925,56678700,0.75
05-08-2011,182.6,183.69,166.52,172.98,100.2222,41229200,0
29-07-2011,183.89,184.96,179.73,181.85,105.3614,26294400,0
22-07-2011,174.73,185.63,173.58,185.18,107.2908,37500900,0
15-07-2011,174.9,176.32,173.84,175.54,101.7055,23838300,0
08-07-2011,173.52,177.77,173.52,176.49,102.2559,20777900,0
01-07-2011,165.74,174.65,165.21,174.54,101.1261,23400700,0
24-06-2011,163.7,166.81,163.59,165.07,95.6393,22978000,0
17-06-2011,164.44,165.1,161.52,164.44,95.2743,29385600,0
10-06-2011,164.76,165.96,162.87,163.18,94.5443,20640600,0
03-06-2011,168.44,169.89,164.13,165.05,95.6277,23342600,0
27-05-2011,168.58,168.69,165.9,167.5,97.0472,22718600,0
20-05-2011,169.81,171.41,166.53,170.16,98.5884,25997900,0
13-05-2011,168.39,172.77,167.82,169.92,98.4493,23498700,0
06-05-2011,172.11,173.54,167.5,168.89,97.8526,29465600,0.75
29-04-2011,167.65,173,167.23,170.58,98.3948,26858900,0
21-04-2011,164.64,168.45,162.19,168.28,97.0681,29758000,0
15-04-2011,163.44,166.34,162.3,166.21,95.874,22168000,0
08-04-2011,164.42,164.75,163.16,164.05,94.6281,17602700,0
01-04-2011,161.54,164.42,161.12,164.27,94.755,19066300,0
25-03-2011,157.64,162.74,157.07,162.18,93.5494,25371800,0
18-03-2011,161.16,161.9804,151.71,155.89,89.9212,41798000,0
11-03-2011,161.6,167.72,158.85,162.43,93.6936,31095800,0
04-03-2011,162.36,164.31,159.41,161.83,93.3475,21537300,0
25-02-2011,163.57,164.26,159.03,162.28,93.6071,21433300,0
18-02-2011,164.18,164.84,162.52,164.84,95.0838,18590000,0
11-02-2011,164.08,166.25,163.18,163.85,94.5127,26097300,0.65
04-02-2011,159.18,164.2,158.68,164,94.2304,25371100,0
28-01-2011,155.42,164.35,155.33,159.21,91.4782,32502900,0
21-01-2011,149.82,156.78,149.38,155.5,89.3465,35766800,0
14-01-2011,147.58,150,146.75,150,86.1863,19878500,0
07-01-2011,147.21,148.86,146.64,147.93,84.997,23486200,0
31-12-2010,145.12,147.5,145,146.76,84.3247,14684300,0
23-12-2010,145.39,146.4,144.33,145.89,83.8248,13585400,0
17-12-2010,145.14,146.01,144.15,145,83.3135,28194800,0
10-12-2010,144.54,146.2999,143.52,144.82,83.21,21020900,0
03-12-2010,143.53,145.85,141.28,145.38,83.5318,28622500,0
26-11-2010,144,146.44,142.33,143.9,82.6814,15256400,0
19-11-2010,143.89,145.35,141.18,145.05,83.3422,24207800,0
12-11-2010,145.35,147.53,143.35,143.74,82.5895,24816000,0.65
05-11-2010,143.64,146.93,142.32,146.92,84.0437,27101400,0
29-10-2010,140.42,144,138.53,143.6,82.1445,32583300,0
22-10-2010,140.9,143.03,136.7,139.67,79.8964,41753800,0
15-10-2010,138.79,142.1,138.27,141.06,80.6915,31299400,0
08-10-2010,135.23,139.09,134.39,138.85,79.4273,26027000,0
01-10-2010,133.51,136.28,133.51,135.64,77.5911,30834900,0
24-09-2010,130.24,134.15,130.11,134.11,76.7159,28357000,0
17-09-2010,128.63,130.6,128.43,130.19,74.4735,29966700,0
10-09-2010,126.99,128.29,125.39,127.99,73.215,16686200,0
03-09-2010,125.08,127.6,122.28,127.58,72.9805,25097500,0
27-08-2010,127.57,128.03,122.42,124.73,71.3502,28851700,0
20-08-2010,127.47,130.195,126.96,127.5,72.9347,24839400,0
13-08-2010,130.79,132.49,127.33,127.87,73.1464,27721100,0
06-08-2010,129.25,131.98,128.76,130.14,74.4449,26753600,0.65
30-07-2010,128.18,129.5,127.04,128.4,73.0845,29087100,0
23-07-2010,128.67,130.38,122.93,128.38,73.0731,45328500,0
16-07-2010,127.37,131.6,127.16,128.03,72.8739,30691500,0
09-07-2010,123.58,128.2,122.17,127.96,72.8341,22776300,0
02-07-2010,127.65,129.47,120.61,121.86,69.362,39925900,0
25-06-2010,131.42,131.94,127.12,127.12,72.3559,35729700,0
18-06-2010,128.5,131.25,128.34,130.15,74.0806,34958900,0
11-06-2010,125.57,128.8,122.82,128.45,73.113,36446000,0
04-06-2010,124.69,128.22,124.2,125.28,71.3086,31155200,0
28-05-2010,125.26,126.39,121.47,125.26,71.2972,40594400,0
21-05-2010,130.68,131.99,121.4,125.42,71.3883,52738700,0
14-05-2010,126.27,133.1,125.06,131.19,74.6726,52007600,0
07-05-2010,129.39,130.14,116,122.1,69.4986,43103500,0.65
30-04-2010,129.76,132,128.71,129,73.0429,35378000,0
23-04-2010,130.38,132.28,127.77,129.99,73.6034,46345200,0
16-04-2010,128.57,132.17,127.84,130.63,73.9658,35328700,0
09-04-2010,128.38,129.8,127.12,128.76,72.907,24394000,0
01-04-2010,129.3,129.95,127.55,128.25,72.6182,17954900,0
26-03-2010,127.11,130.73,126.57,129.26,73.1901,31453700,0
19-03-2010,127.4,128.93,126.78,127.71,72.3125,32679700,0
12-03-2010,127.06,128.37,125.2,127.94,72.4427,33736000,0
05-03-2010,127.5,129.09,125.47,127.25,72.052,29153500,0
26-02-2010,127.3,128.27,125.57,127.16,72.001,23624900,0
19-02-2010,124.91,128.06,124.11,127.19,72.018,24433700,0
12-02-2010,123.15,124.2,121.61,124,70.2118,30088800,0.55
05-02-2010,123.23,126.07,121.83,122.97,69.3158,35063800,0
29-01-2010,126.33,127.75,121.9,122.39,68.9888,42786400,0
22-01-2010,131.63,134.25,125.37,125.5,70.7419,48810900,0
15-01-2010,131.06,132.89,128.67,131.78,74.2818,35873500,0
08-01-2010,131.18,132.97,128.91,130.85,73.7576,28639800,0
31-12-2009,130.99,132.85,130.68,130.9,73.7857,18075000,0
24-12-2009,127.8,130.57,127.68,130.57,73.5997,18700700,0
18-12-2009,129.65,129.98,127,127.91,72.1003,34452500,0
11-12-2009,126.88,129.77,126.11,129.68,73.0981,29242700,0
04-12-2009,125.12,128.9,124.92,127.25,71.7283,30307700,0
27-11-2009,127.7,128.94,124.26,125.7,70.8546,19106900,0
20-11-2009,127.17,128.655,126.46,126.96,71.5648,23482700,0
13-11-2009,123.92,127.8,123.49,127.03,71.6043,31065000,0
06-11-2009,120.61,123.5,119.5,123.49,69.6089,30790900,0.55
30-10-2009,120.61,124.3,119.15,120.61,67.684,38785400,0
23-10-2009,121.76,124.11,120,120.36,67.5437,36292000,0
16-10-2009,125.44,128.61,121.25,121.64,68.262,55978800,0
09-10-2009,118.9,126,118.13,125.93,70.6695,37825500,0
02-10-2009,120.52,122,117.26,119.02,66.7917,37380100,0
25-09-2009,121.03,122.74,120.1,121.08,67.9478,26232600,0
18-09-2009,117,122.88,116.94,122.11,68.5258,40859700,0
11-09-2009,117.94,119.25,116.16,118.05,66.2474,21828700,0
04-09-2009,117.1,118.93,115.15,117.46,65.9163,25309900,0
28-08-2009,119.92,120.88,117.51,118.22,66.3428,26123700,0
21-08-2009,116.69,120.01,116.12,119.9,67.2856,27622200,0
14-08-2009,118.17,119.96,117.32,118.57,66.5392,25401100,0
07-08-2009,118.88,119.96,116.7,119.33,66.9657,27893800,0.55
31-07-2009,116.95,119.37,116.05,117.93,65.8714,28085700,0
24-07-2009,114.53,118.15,114.39,117.64,65.7094,42520000,0
17-07-2009,101.28,115.53,100.19,115.42,64.4694,58793700,0
10-07-2009,101.57,102.78,99.5,100.83,56.32,34208000,0
02-07-2009,105.99,106.27,101.73,101.73,56.8227,24758400,0
26-06-2009,105.18,106.785,103.51,105.68,59.029,30871700,0
19-06-2009,107.63,109.14,105.5,105.89,59.1463,42930700,0
12-06-2009,106.64,110.64,105.5,108.21,60.4422,38913000,0
05-06-2009,106.94,108.8,105.11,107.24,59.9004,35592300,0
29-05-2009,101.32,106.5,101.02,106.28,59.3641,27330100,0
22-05-2009,102,106.12,101.74,101.89,56.912,34599500,0
15-05-2009,101.09,104.38,100.57,101.37,56.6216,42229200,0
08-05-2009,105.26,106.82,99.83,101.49,56.6886,42691700,0.55
01-05-2009,99.61,106.05,99.25,104.61,58.1258,46394300,0
24-04-2009,100.29,103.86,98.2,100.08,55.6087,59469300,0
17-04-2009,100.28,102.04,96.44,101.27,56.2699,41711800,0
09-04-2009,100.9,102.45,98.52,101.7,56.5088,32887100,0
03-04-2009,92,102.66,91.8,102.22,56.7978,64912500,0
27-03-2009,93.7,99.86,92.75,94.15,52.3137,60950700,0
20-03-2009,91.34,95,89.41,92.51,51.4025,63330900,0
13-03-2009,84.7,90.65,83.02,90.36,50.2079,61831600,0
06-03-2009,91.17,91.9,83.81,85.81,47.6797,74483600,0
27-02-2009,89.3,93.28,82.85,92.03,51.1358,77805700,0
20-02-2009,91.73,92.49,87.34,88.79,49.3355,42419500,0
13-02-2009,95.93,96.98,92.2,93.84,52.1415,49132900,0
06-02-2009,90.6,97.1,89.69,96.14,53.4195,53659500,0.5
30-01-2009,89.77,94.94,89.52,91.65,50.6612,50819300,0
23-01-2009,84.76,91.6,81.76,89.49,49.4672,61309500,0
16-01-2009,84.57,86.6,82.11,84.92,46.941,48180000,0
09-01-2009,86.42,90.41,84.25,84.7,46.8194,41092400,0
02-01-2009,81.72,87.59,79.68,87.37,48.2953,26062900,0
26-12-2008,83.27,83.45,79.92,81.33,44.9566,18974200,0
19-12-2008,82.51,87.27,80,83.52,46.1672,50128100,0
12-12-2008,82.57,85.88,78.06,82.2,45.4375,49785100,0
05-12-2008,80.95,81.5,75.31,80.59,44.5476,51454000,0
28-11-2008,75.74,82.4,75,81.6,45.1058,39691800,0
21-11-2008,79.4,81,69.5,74.88,41.3912,73411500,0
14-11-2008,87.99,88.1,75.4,80.33,44.4038,58194400,0
07-11-2008,92.64,94.76,84.25,86.27,47.6873,47015300,0.5
31-10-2008,80.27,94.19,79.01,92.97,51.0908,60537100,0
24-10-2008,92.21,93.31,78.82,82.07,45.1008,58306900,0
17-10-2008,90.44,99,84.35,90.78,49.8873,75048600,0
10-10-2008,101.21,103,83.51,87.75,48.2222,86848900,0
03-10-2008,117.44,118.43,103.03,103.44,56.8445,62809100,0
26-09-2008,118.45,121.99,114.14,119.42,65.6262,34730600,0
19-09-2008,115.36,124,110.61,118.85,65.3129,66307100,0
12-09-2008,118,119.95,115,118.97,65.3789,46783800,0
05-09-2008,122.87,124,113.17,114.33,62.829,42011600,0
29-08-2008,124.48,125.45,121.5,121.73,66.8956,30493600,0
22-08-2008,126.49,127,121.55,124.93,68.6541,34457400,0
15-08-2008,128.43,128.43,124.4,126.36,69.44,32724200,0
08-08-2008,126.77,129.97,126.25,128.81,70.7864,34413900,0.5
01-08-2008,127.69,129.5,126.13,126.64,69.3255,28699300,0
25-07-2008,129.83,130.93,127.26,128.53,70.3601,45950300,0
18-07-2008,121.8,130,119.9,129.89,71.1046,59542700,0
11-07-2008,119.62,124.5,119.62,122.12,66.8511,47346100,0
03-07-2008,119.99,120.78,116.6,119.54,65.4388,32716800,0
27-06-2008,123,125.83,118.26,120.05,65.718,41907700,0
20-06-2008,125.46,127.14,122.36,122.74,67.1905,35367900,0
13-06-2008,125.38,126.722,122.86,126.15,69.0572,31303600,0
06-06-2008,128.67,129.37,124.74,124.94,68.3949,35309300,0
30-05-2008,124.01,129.99,124,129.43,70.8528,33079200,0
23-05-2008,127.68,128.21,123.02,124.2,67.9898,31469600,0
16-05-2008,123.8,128.83,123.56,127.82,69.9714,40848500,0
09-05-2008,122.76,125.17,120.78,124.06,67.9131,38973400,0.5
02-05-2008,122.98,124.43,120.5,123.18,67.1609,36106300,0
25-04-2008,122.05,124.9,122.05,123.08,67.1064,32273700,0
18-04-2008,116.2,125,115.54,124.4,67.8261,67195200,0
11-04-2008,116.37,119.22,115.28,116,63.2462,38989700,0
04-04-2008,113.95,118.37,113.34,115.76,63.1153,42376300,0
28-03-2008,118.57,119.79,114.21,114.57,62.4665,41496800,0
20-03-2008,113,118.5,113,118.33,64.5166,39979100,0
14-03-2008,113.12,118,112.69,115.2301,62.8264,48594600,0
07-03-2008,114.09,116.41,111.8,113.94,62.123,39506500,0
29-02-2008,107.68,116.63,107.43,113.86,62.0794,54366700,0
22-02-2008,106.79,109.6,104.53,108.07,58.9225,31292600,0
15-02-2008,102.9,108.93,102.87,106.16,57.8812,33932900,0
08-02-2008,108.4,109,100.6,103.27,56.3055,40641500,0.4
01-02-2008,104.41,109.4,103.7,109.08,59.2444,39007500,0
25-01-2008,99.16,107.79,98.5,104.52,56.7678,57768700,0
18-01-2008,105,106.72,100.05,103.4,56.1595,78126300,0
11-01-2008,100.355,101,97.04,97.67,53.0474,52601500,0
04-01-2008,109.25,110,100.48,101.13,54.9266,33799300,0
28-12-2007,111.2,112.19,109.108,110.09,59.793,16539900,0
21-12-2007,105.37,111.16,104,111.05,60.3144,43481700,0
14-12-2007,109,110.4,104.1,105.77,57.4467,36725700,0
07-12-2007,105.45,110,104.58,108.86,59.125,31672000,0
30-11-2007,104.4,109.19,101.5,105.18,57.1262,46569900,0
23-11-2007,104.34,105.39,101.34,104.05,56.5125,27820500,0
16-11-2007,101.89,106.42,100.7,104.79,56.9144,50102700,0
09-11-2007,115.11,115.11,99.27,100.2542,54.4509,62718300,0.4
02-11-2007,113.9,116.25,113.28,114.59,62.0138,30044700,0
26-10-2007,110.97,114.8,110.96,113.73,61.5484,32762600,0
19-10-2007,117.95,119.94,111.8,112.28,60.7637,53958800,0
12-10-2007,116.1,121.46,115.88,117.81,63.7564,35082300,0
05-10-2007,117.61,119.6,115,116.3,62.9392,33529800,0
28-09-2007,116.9,118.5,115.79,117.8,63.751,33029400,0
21-09-2007,114.7,118.1,114.3,116.78,63.199,38076800,0
14-09-2007,116.15,117.78,114.65,115.13,62.306,32211300,0
07-09-2007,116.34,118.89,115.33,115.55,62.5333,28916300,0
31-08-2007,113,117.35,111.63,116.69,63.1503,32617900,0
24-08-2007,110.9,113.25,108.08,113.24,61.2832,39957700,0
17-08-2007,112.99,113.95,103.7,110.9,60.0168,55388900,0
10-08-2007,111.97,114.6,109.7,112.64,60.9585,41626500,0.4
03-08-2007,115.62,115.75,110.02,111.89,60.339,66192100,0
27-07-2007,114.88,118.82,114.85,115.62,62.3504,64841000,0
20-07-2007,108.57,116.48,108.42,114.81,61.9136,55626100,0
13-07-2007,108.73,109.65,108.1,108.6,58.5648,34811600,0
06-07-2007,105.39,109.66,104.58,109.03,58.7966,24567300,0
29-06-2007,104.73,106.92,104.1,105.25,56.7582,31559100,0
22-06-2007,105.27,107.02,104.44,104.44,56.3214,35051000,0
15-06-2007,102.87,105.19,102.1,105.09,56.6719,34517000,0
08-06-2007,106.5,106.59,101.56,103.07,55.5826,63185700,0
01-06-2007,105.57,107.67,105.21,106.54,57.4539,23208200,0
25-05-2007,107.15,108,103.57,105.18,56.7205,30271700,0
18-05-2007,105.81,108.05,104.53,107.99,58.2358,35014200,0
11-05-2007,102.76,105.99,102.21,105.98,57.1519,34979100,0.4
04-05-2007,101.11,103.17,100.97,102.96,55.3091,38307800,0
27-04-2007,95.35,101.7,95.05,101.17,54.3475,58275300,0
20-04-2007,94.99,97.66,93.911,94.58,50.8074,51786700,0
13-04-2007,96.43,96.94,94.53,94.93,50.9955,27497000,0
05-04-2007,94.51,96.75,94.06,96.52,51.8496,19197800,0
30-03-2007,94.84,95.25,93.57,94.26,50.6355,34042800,0
23-03-2007,93.95,95.81,93.39,95.03,51.0492,26906600,0
16-03-2007,93.29,94.47,92.1,93.25,50.093,36423000,0
09-03-2007,90.25,94.85,90.1,93.28,50.1091,43505100,0
02-03-2007,97.86,97.86,88.77,90.9,48.8306,52427400,0
23-02-2007,98.66,99.5,97.41,97.73,52.4996,20682500,0
16-02-2007,98.8,99.52,97.8,98.99,53.1764,27047900,0
09-02-2007,99.17,100.44,97.81,98.55,52.9401,34668400,0.3
02-02-2007,98.1,99.73,97.45,99.17,53.1131,34172300,0
26-01-2007,96.42,97.92,96.12,97.45,52.1919,41549100,0
19-01-2007,99.4,100.9,94.55,96.17,51.5063,58474800,0
12-01-2007,98.5,100.33,97.93,99.34,53.2041,44830200,0
05-01-2007,97.17,98.79,96.26,97.42,52.1758,26942600,0
29-12-2006,95,97.88,94.92,97.15,52.0312,15807900,0
22-12-2006,94.95,96.5,94.8,95.25,51.0136,24009800,0
15-12-2006,93.72,95.8,93.3,95.3,51.0404,30414900,0
08-12-2006,92.5,94.87,92.25,93.86,50.2692,28792200,0
01-12-2006,92.71,93.24,90.43,91.25,48.8713,27785200,0
24-11-2006,93.77,93.8,92.8,93.35,49.996,13559900,0
17-11-2006,91.75,94.05,91.41,93.81,50.2424,23826600,0
10-11-2006,91.5,93.4,91.5,91.76,49.1444,29456500,0.3
03-11-2006,90.3,92.68,89.8,91.41,48.7989,30108500,0
27-10-2006,90.05,92,90.01,90.76,48.4519,35037300,0
20-10-2006,86.08,92.04,85.75,90.48,48.3024,67866100,0
13-10-2006,83.14,86.21,83,86.08,45.9535,26864000,0
06-10-2006,81.76,83.78,81.56,83.14,44.384,25738600,0
29-09-2006,81.64,82.79,81.28,81.94,43.7434,25658300,0
22-09-2006,82.56,83.79,81.01,81.21,43.3536,30290000,0
15-09-2006,80.6,83.59,80.25,82.94,44.2772,27425800,0
08-09-2006,81.19,81.54,79.31,80.66,43.06,16108000,0
01-09-2006,79.91,81.68,79.76,81.41,43.4604,22236900,0
25-08-2006,79.51,80,78.42,79.88,42.6436,18060100,0
18-08-2006,75.85,79.97,75.6,79.9,42.6543,29303900,0
11-08-2006,75.63,76.28,75.05,75.48,40.2947,19054700,0.3
04-08-2006,76.44,77.5,74.9,75.91,40.3635,20900500,0
28-07-2006,74.92,77.3,74.92,76.96,40.9218,25666400,0
21-07-2006,73.34,77.06,72.73,74.86,39.8052,50614500,0
14-07-2006,76.18,76.83,73.37,73.57,39.1193,37325800,0
07-07-2006,77.54,78.53,76.12,76.42,40.6347,18199800,0
30-06-2006,77.04,77.93,76.06,76.82,40.8474,26797500,0
23-06-2006,78.06,78.56,76.94,77.1,40.9963,27070000,0
16-06-2006,77.68,78.78,76.82,77.95,41.4482,33150500,0
09-06-2006,79.1,80.74,76.75,78.01,41.4801,40341000,0
02-06-2006,80.35,80.96,79.15,79.52,42.2831,23532800,0
26-05-2006,79.94,81.3,79,80.75,42.9371,26222700,0
19-05-2006,81.8,83.25,79.51,80.28,42.6872,28629900,0
12-05-2006,82.6,83.69,82.3,82.39,43.8091,22319900,0.3
05-05-2006,82.59,83.55,82,82.98,43.9637,24540000,0
28-04-2006,81.3,84.4,81.1,82.34,43.6246,36485300,0
21-04-2006,81.77,84,81.26,81.66,43.2644,35449300,0
13-04-2006,82.49,82.74,80.63,81.98,43.4339,18292300,0
07-04-2006,82.72,84.45,82.44,82.48,43.6988,23780100,0
31-03-2006,82.98,83.7,82.2,82.47,43.6935,23139800,0
24-03-2006,83.11,84.99,82.93,83.36,44.1651,25547800,0
17-03-2006,81.56,83.76,81.45,83.3,44.1333,25173700,0
10-03-2006,80.05,82.25,79.86,81.57,43.2167,23708100,0
03-03-2006,80,80.89,79.51,79.96,42.3637,23693200,0
24-02-2006,80.1,81.65,79.85,80.1,42.4379,20014900,0
17-02-2006,81.33,81.91,80.13,80.71,42.7611,26994200,0
10-02-2006,79.94,81.46,78.93,81.33,43.0895,32826100,0.2
03-02-2006,81.02,82.24,79.72,79.97,42.2644,33566000,0
27-01-2006,81.33,82.15,80.59,81.02,42.8193,32471000,0
20-01-2006,82.8,84.7,81.25,81.36,42.999,34792500,0
13-01-2006,83.9,84.81,82.5,83.17,43.9556,30173200,0
06-01-2006,82.45,85.03,80.81,84.95,44.8963,36958200,0
30-12-2005,83.48,84.5,81.56,82.2,43.4429,17622000,0
23-12-2005,83.23,84.2,82.06,83.48,44.1194,27298200,0
16-12-2005,87.01,87.35,82.75,83.37,44.0613,39305300,0
09-12-2005,88.4,89.92,86.33,86.97,45.9639,26427900,0
02-12-2005,88.8,89.94,88.36,88.65,46.8518,25765400,0
25-11-2005,87.6,89.39,86.88,88.8,46.9311,18193100,0
18-11-2005,84.25,88,84.03,87.77,46.3867,30719600,0
11-11-2005,83.1,84.84,82.3,84.55,44.6849,21762600,0.2
04-11-2005,81.51,83.3,80.64,83,43.7605,31154000,0
28-10-2005,83.15,83.95,80.5,81.42,42.9275,25793400,0
21-10-2005,82.36,84.6,81.93,83.33,43.9345,39286100,0
14-10-2005,81.24,83.52,81.08,82.35,43.4178,36349300,0
07-10-2005,80.22,81.47,78.7,80.5,42.4424,30921800,0
30-09-2005,78.31,80.55,76.93,80.22,42.2948,30116700,0
23-09-2005,79.74,79.98,77.3,78,41.1243,31701800,0
16-09-2005,81.03,82.11,79.67,80.33,42.3528,25110400,0
09-09-2005,79.7,81.52,79.7,81.44,42.938,18681300,0
02-09-2005,80,81.75,79.34,79.46,41.8941,25171500,0
26-08-2005,82.75,83.35,80.26,80.38,42.3791,22210500,0
19-08-2005,81.9,83.3,80.8,82.76,43.6339,22885800,0
12-08-2005,83.41,84.01,81.62,82.19,43.3334,22568800,0.2
05-08-2005,83,84.2,82.73,83.36,43.8451,22265700,0
29-07-2005,83.98,84.52,82.81,83.46,43.8977,24382900,0
22-07-2005,81.99,85.11,81.68,84.44,44.4131,45014200,0
15-07-2005,79.4,82.75,78.52,82.38,43.3296,45662500,0
08-07-2005,74.38,79.52,74.16,79.3,41.7096,37388800,0
01-07-2005,74.01,75.68,73.45,74.67,39.2744,30677800,0
24-06-2005,76.03,77.49,74,74.01,38.9272,33289800,0
17-06-2005,74.5,77.73,74.45,76.39,40.1791,33568000,0
10-06-2005,75.8,76.09,74.1,74.77,39.327,24804200,0
03-06-2005,76.6,77.5,75.5,75.79,39.8635,23975100,0
27-05-2005,76.3,77.41,75.17,77.1,40.5525,24899800,0
20-05-2005,73.09,77.64,73.09,76.41,40.1896,34306900,0
13-05-2005,75.26,75.46,72.5,73.16,38.4802,33727100,0
06-05-2005,76.88,78.11,74.97,75.26,39.5847,39063200,0.2
29-04-2005,75.24,77.18,74.05,76.38,40.0673,51112000,0
22-04-2005,77.15,77.75,71.85,74.21,38.929,70090000,0
15-04-2005,87.35,87.56,76.33,76.7,40.2352,62144400,0
08-04-2005,90.08,90.62,87.5,87.6,45.9531,27677900,0
01-04-2005,90.71,91.76,90.04,90.44,47.4429,25553000,0
24-03-2005,89.42,91.55,89.26,90.7,47.5793,18904100,0
18-03-2005,91.5,92.27,89.09,89.28,46.8344,25767500,0
11-03-2005,92.35,93,91.2,91.51,48.0042,24562700,0
04-03-2005,92.53,93.73,92.2,92.37,48.4553,22028900,0
25-02-2005,92.67,93.5,91.55,92.8,48.6809,18680300,0
18-02-2005,93.16,94.97,92.55,93.27,48.9275,20002800,0
11-02-2005,94.35,94.9,92.3,93.3,48.9432,21103700,0.18
04-02-2005,93.65,94.74,93,94.51,49.4833,19731000,0
28-01-2005,92.7,93.59,91.44,92.89,48.6351,27667500,0
21-01-2005,93.65,95.34,92.23,92.38,48.3681,28556000,0
14-01-2005,95.78,96.2,93.55,94.1,49.2686,26060300,0
07-01-2005,98.97,99.1,95.47,95.78,50.1483,27415300,0
31-12-2004,97.69,99,97.37,98.58,51.6143,17501200,0
23-12-2004,96.35,98,96.35,97.72,51.164,18152400,0
17-12-2004,96.85,98.15,96.08,96.2,50.3682,27720400,0
10-12-2004,96.88,98.25,95.71,96.67,50.6142,26952800,0
03-12-2004,94.94,97.63,94.24,97.08,50.8289,29413700,0
26-11-2004,94.3,95.79,94.16,94.72,49.5933,17298900,0
19-11-2004,95.08,96.63,94.25,94.45,49.4519,27259900,0
12-11-2004,92.5,95.5,92.5,95.32,49.9074,28090600,0.18
05-11-2004,89.33,93.52,89.23,93.28,48.7453,30762600,0
29-10-2004,87.36,90.27,87.31,89.75,46.9007,27890400,0
22-10-2004,84.3,89.73,84.29,87.39,45.6674,39927800,0
15-10-2004,86.77,87.2,84.3,84.85,44.3401,24456500,0
08-10-2004,87,88.1,86.51,86.71,45.3121,21303400,0
01-10-2004,84.1,86.98,83.88,86.72,45.3173,22465000,0
24-09-2004,85.4,86.43,83.24,84.43,44.1206,23167900,0
17-09-2004,87,87.28,85.44,85.74,44.8052,23207800,0
10-09-2004,84.7,87,84.6,86.76,45.3382,17994900,0
03-09-2004,84.57,85.09,83.65,84.39,44.0997,17286100,0
27-08-2004,85.23,85.45,84.35,84.94,44.3871,16955800,0
20-08-2004,83.7,85.35,83.51,85.25,44.5491,21524300,0
13-08-2004,83.48,84.99,81.9,83.91,43.8489,26196900,0
06-08-2004,86.87,87.39,83.42,83.48,43.6242,20815300,0.18
30-07-2004,84.85,87.4,84.51,87.07,45.4023,22923000,0
23-07-2004,84.5,87.11,84.4,84.85,44.2447,28063300,0
16-07-2004,84,86.48,83.42,84.28,43.9475,35836700,0
09-07-2004,86.5,86.73,83.51,83.89,43.7441,26209600,0
02-07-2004,89.71,89.9,86.57,87.04,45.3866,21510400,0
25-06-2004,90.4,90.92,88.94,89.55,46.6955,22021500,0
18-06-2004,90.05,91.21,89.62,90.06,46.9614,22426400,0
10-06-2004,88.75,90.75,88.01,90.46,47.17,18366900,0
04-06-2004,88.09,88.64,87.3,87.56,45.6578,15611800,0
28-05-2004,87.75,89.08,86.55,88.59,46.1949,20742800,0
21-05-2004,85.3,88.88,85.15,87.13,45.4336,26694400,0
14-05-2004,87.6,88.15,85.12,86.41,45.0581,31619400,0
07-05-2004,88.13,89.75,87.2012,88.19,45.9863,25650700,0.18
30-04-2004,90.75,91.99,88.01,88.17,45.8824,26790300,0
23-04-2004,91.9,92.48,89.7,91.28,47.5008,26094200,0
16-04-2004,93.5,94.36,91.04,92.28,48.0212,31404700,0
08-04-2004,93.95,94.39,92.51,93.12,48.4583,16201400,0
02-04-2004,92.99,94.55,91.35,94.2,49.0203,25046900,0
26-03-2004,91.27,93.25,90.28,92.77,48.2762,27482700,0
19-03-2004,92.6,93.79,90.88,91.62,47.6777,27477500,0
12-03-2004,96.49,96.88,91.15,93.3,48.552,32862500,0
05-03-2004,96.5,97.6,95.56,96.45,50.1912,21755500,0
27-02-2004,97.4,97.51,95.2,96.5,50.2172,25680600,0
20-02-2004,99.99,100,97.19,97.31,50.6387,19898100,0
13-02-2004,99.31,100.31,98.41,99.71,51.8877,20479500,0
06-02-2004,99.15,100.43,98.25,98.94,51.487,31683700,0.16
30-01-2004,97.9,99.85,96.55,99.23,51.5545,30864500,0
23-01-2004,96,98.21,95.73,97.9,50.8635,25889600,0
16-01-2004,91.21,95.65,89.01,95.32,49.5231,48592000,0
09-01-2004,92,93.38,91,91.21,47.3877,28694600,0
02-01-2004,93.1,93.73,91.2,91.55,47.5644,18092000,0
26-12-2003,92.83,93.5,92.18,92.9,48.2658,11178100,0
19-12-2003,93.43,94.12,91.88,93.14,48.3905,33482600,0
12-12-2003,90.52,93.16,90.52,92.71,48.1671,30943400,0
05-12-2003,90.9,91.48,90.03,90.64,47.0916,27735300,0
28-11-2003,89.03,90.68,88.95,90.54,47.0397,15370200,0
21-11-2003,89.9,90.18,88.23,88.63,46.0473,25235500,0
14-11-2003,89.55,91.48,88.89,90.25,46.889,28880700,0
07-11-2003,89.9,90.84,87.72,88.26,45.8551,28479700,0.16
31-10-2003,88.8,90.71,88.05,89.48,46.4058,28610800,0
24-10-2003,89.35,89.4,87.53,88.42,45.8561,29376600,0
17-10-2003,93.1,94.54,88.66,89.23,46.2762,47597600,0
10-10-2003,90.74,93.6,90.4,92.67,48.0602,27727600,0
03-10-2003,89.25,91.95,87.9,90.64,47.0074,35612700,0
26-09-2003,92.24,92.24,89,89.05,46.1828,34494900,0
19-09-2003,89.7,93.47,88.39,93.28,48.3766,42039300,0
12-09-2003,88.45,89.97,86.4,88.7,46.0013,41601200,0
05-09-2003,82.4,88.29,82.3,86.95,45.0937,41027800,0
29-08-2003,82.85,83.03,81.27,82.01,42.5318,24293600,0
22-08-2003,82.05,84.72,81.9,82.97,43.0296,30615500,0
15-08-2003,80.87,82.19,80.28,81.79,42.4177,22220100,0
08-08-2003,80.75,81.36,78.73,80.88,41.9457,30290600,0.16
01-08-2003,83.67,83.7,80.05,81.27,42.0636,34886500,0
25-07-2003,83.2,83.74,81.51,83.55,43.2437,33171000,0
18-07-2003,86,87.03,82.5,83.72,43.3317,45286100,0
11-07-2003,84.8,86.75,83.47,84.89,43.9372,32242400,0
03-07-2003,83.9,84.89,81.4,83.95,43.4507,22755900,0
27-06-2003,84.79,84.79,82.09,83.42,43.1764,27829700,0
20-06-2003,83.1,85.29,82.55,84.92,43.9528,37484300,0
13-06-2003,80,84.98,79.81,82.75,42.8296,41268000,0
06-06-2003,89,89.08,79.84,80.05,41.4321,69955400,0
30-05-2003,84.51,88.7,84.51,88.04,45.5676,26786400,0
23-05-2003,88.05,88.47,84.89,85.26,44.1287,32835800,0
16-05-2003,87.55,90.4,87.1,88.99,46.0593,38800700,0
09-05-2003,87.2,88.34,85.75,87.55,45.314,35257500,0.16
02-05-2003,84.05,87.57,83.62,87.57,45.2408,39359000,0
25-04-2003,84.4,86.06,82.6,83.88,43.3345,36064700,0
17-04-2003,78.5,84.4,78.16,84.26,43.5308,42212300,0
11-04-2003,82.6,82.9,78.13,78.75,40.6842,39935800,0
04-04-2003,79.26,83.48,78.12,80.79,41.7381,46339300,0
28-03-2003,82.46,84,80.5,80.85,41.7691,42576300,0
21-03-2003,78,84.9,77.84,84.9,43.8614,58133300,0
14-03-2003,77.45,79.48,73.17,79,40.8134,48104400,0
07-03-2003,78.9,79,75.71,77.9,40.2451,32954000,0
28-02-2003,79.7,79.99,76.75,77.95,40.2709,39649300,0
21-02-2003,78.02,80.05,77.91,79.95,41.3041,26970500,0
14-02-2003,77.1,78.97,74.31,77.45,40.0126,41674400,0
07-02-2003,78.2,78.9,76.25,77.1,39.8318,37378500,0.15
31-01-2003,77.99,81.3,77.02,78.2,40.322,42173800,0
24-01-2003,81.3,81.85,78.82,78.99,40.7294,34478700,0
17-01-2003,88.31,88.95,81.18,81.3,41.9205,53450200,0
10-01-2003,81.9,88.04,81.81,87.68,45.2102,50004000,0
03-01-2003,77,81.65,75.6,81.65,42.1009,29764800,0
27-12-2002,79.75,81.5,76.61,77.36,39.8889,20460800,0
20-12-2002,79.6,81.79,78.24,79.79,41.1419,36539200,0
13-12-2002,81,82.48,78.27,80,41.2501,37355200,0
06-12-2002,88.6,89.46,81.07,82.32,42.4464,41270300,0
29-11-2002,84.63,88.11,83.52,86.92,44.8183,28402500,0
22-11-2002,80.8,85.17,77.84,84.43,43.5344,45101100,0
15-11-2002,77.59,80.99,76.7,80.01,41.2553,49429400,0
08-11-2002,81.99,83.81,77.2,77.59,40.0075,52109900,0.15
01-11-2002,75.15,80.5,74.2,80.4,41.3803,56125400,0
25-10-2002,73.65,75.9,71.75,74.56,38.3745,51727300,0
18-10-2002,61.54,74.25,61.54,74.25,38.215,72253200,0
11-10-2002,56.6,63.92,54.01,63.92,32.8983,67066500,0
04-10-2002,59.55,62,55.77,56.6,29.1309,60869200,0
27-09-2002,63.75,64.88,59.55,60.36,31.0661,59368300,0
20-09-2002,72,73.45,63.9,63.92,32.8983,59733100,0
13-09-2002,72.45,77.5,71.31,72.5,37.3143,29374700,0
06-09-2002,74.2,75,71.5,73.2,37.6746,24168200,0
30-08-2002,80.4,80.89,75.1,75.38,38.7966,31535800,0
23-08-2002,79.35,82.85,79.01,80.4,41.3803,37599000,0
16-08-2002,71.05,79.98,70.61,79.35,40.8399,42544100,0
09-08-2002,67.94,74.3,65.85,71.83,36.9695,38896400,0.15
02-08-2002,70.37,72.7,67.12,67.88,34.8609,50523500,0
26-07-2002,71.25,72.19,65.7,66.4,34.1008,64004300,0
19-07-2002,68.4,74.2,66.6,72,36.9768,59368700,0
12-07-2002,73,73.48,67.55,69.21,35.5439,50325700,0
05-07-2002,72.01,73.9,67.16,73.5,37.7471,37781700,0
28-06-2002,67.25,73.62,66.1,72,36.9768,56342200,0
21-06-2002,76.18,77.75,68.19,68.75,35.3077,51132700,0
14-06-2002,77.75,78.8,73.25,76.17,39.1183,45826900,0
07-06-2002,80.75,80.95,77,78.3,40.2122,37678900,0
31-05-2002,82.8,83.11,80.22,80.45,41.3164,21571900,0
24-05-2002,85.45,85.46,82.52,83.1,42.6774,25012600,0
17-05-2002,80.25,86.49,79.5,85.69,44.0075,37347700,0
10-05-2002,81.7,83,75.92,79.68,40.921,61363200,0.15
03-05-2002,84.71,85.23,81.11,81.78,41.9232,42862500,0
26-04-2002,88.95,89.08,84.7,84.71,43.4252,31976500,0
19-04-2002,86.5,90.03,84,89,45.6244,51860900,0
12-04-2002,87.5,89.95,83.34,85.6,43.8814,110897800,0
05-04-2002,104,104,97.25,97.25,49.8536,36348600,0
28-03-2002,105.8,106.66,102.3,104,53.3139,25371800,0
22-03-2002,107.1,108.64,104.7,105.6,54.1341,25381100,0
15-03-2002,104.35,108.85,103.6,106.79,54.7442,42307200,0
08-03-2002,103.35,107.5,103.13,105.09,53.8727,47715500,0
01-03-2002,98.45,103.1,95.99,103.02,52.8115,51947900,0
22-02-2002,101.5,101.8,95.76,98.45,50.4688,48524400,0
15-02-2002,105,109.15,101.7,102.89,52.7449,39939500,0
08-02-2002,108,108.5,102.61,104.99,53.8214,35602600,0.14
01-02-2002,109.5,110.21,101,108,55.2918,55992100,0
25-01-2002,114.25,114.26,107,109.28,55.9472,38030400,0
18-01-2002,120,120.55,112.81,114.25,58.4916,50634800,0
11-01-2002,125,126.39,120.28,120.31,61.5941,31815400,0
04-01-2002,122.75,125.6,119.8,125.6,64.3024,27402400,0
28-12-2001,122.05,123.93,121.1,122.9,62.9201,13450200,0
21-12-2001,120.15,124.7,120.15,122,62.4593,34859100,0
14-12-2001,120,123.21,119.41,121.1,61.9985,36439000,0
07-12-2001,114.8,121.98,113.21,120.4,61.6402,45132800,0
30-11-2001,115.9,116.4,111.81,115.59,59.1776,29636100,0
23-11-2001,114.7,116.8,113.05,115.35,59.0548,17282200,0
16-11-2001,113,117,112.05,114.5,58.6196,36592100,0
09-11-2001,109.95,115.56,109,114.08,58.4046,37385000,0.14
02-11-2001,110.5,111.12,106.9,109.5,55.9909,37116500,0
26-10-2001,102.65,112.1,101.9,111.16,56.8398,43172300,0
19-10-2001,99.85,106.7,99.66,102.65,52.4883,63537500,0
12-10-2001,98.03,101,94.9,100.84,51.5628,48258400,0
05-10-2001,91.72,98.88,91.34,98.02,50.1208,46507700,0
28-09-2001,91.8,96,87.49,91.72,46.8994,61809500,0
21-09-2001,93.9,96.85,89.5,90.5,46.2756,75868900,0
10-09-2001,96,97.4,95.59,96.47,49.3283,10311500,0
07-09-2001,100.15,103.13,96,96.59,49.3896,41322600,0
31-08-2001,106.99,108.2,98.86,99.95,51.1077,38331400,0
24-08-2001,104.68,107.8,101.4,106.99,54.7075,33343800,0
17-08-2001,105,106.85,103.66,104.59,53.4803,29688900,0
10-08-2001,107.25,107.37,102.7,104.95,53.6644,26622100,0.14
03-08-2001,104.9,110.09,104.76,108.18,55.2418,25049100,0
27-07-2001,105.7,106.95,102.73,104.7,53.4647,32638300,0
20-07-2001,108.53,109.38,103.03,105.7,53.9753,48299000,0
13-07-2001,106.5,109.3,101.56,108.53,55.4205,45082800,0
06-07-2001,113.5,115.4,105.81,106.5,54.3839,25362500,0
29-06-2001,113.75,116.95,111.1,113.5,57.9584,35230300,0
22-06-2001,113.98,117.25,111.36,112.87,57.6367,33926900,0
15-06-2001,116.3,118.47,113.38,113.6,58.0095,39520000,0
08-06-2001,113.25,119,112.85,116.1,59.2861,29113600,0
01-06-2001,117.35,117.59,111.64,112.89,57.6469,27279700,0
25-05-2001,117.95,119.9,117.1,117.8,60.1542,34172800,0
18-05-2001,111.2,117.68,111,117.44,59.9703,32527500,0
11-05-2001,116.2,118.9,110.96,111.81,57.0954,37758700,0.14
04-05-2001,116.4,118.95,111.2,115.86,59.0932,40113600,0
27-04-2001,114.01,116.9,111.68,116.2,59.2666,38874700,0
20-04-2001,96.2,116.4,95.2,114.83,58.5679,77541600,0
12-04-2001,98.5,101.94,93.8,96.2,49.0658,40874500,0
06-04-2001,97.45,100,90.05,97.95,49.9584,61562900,0
30-03-2001,95.25,100,93.75,96.18,49.0556,52337900,0
23-03-2001,91,94.99,87.65,93.51,47.6938,56911400,0
16-03-2001,97.9,98.9,88.2,90.1,45.9546,69318700,0
09-03-2001,102.81,108.4,97.9,99.29,50.6419,46134500,0
02-03-2001,105.8,107.65,97.5,102.3,52.1771,59912700,0
23-02-2001,114.55,115.6,100.25,104,53.0442,42890800,0
16-02-2001,110.55,118.64,110.3,115,58.6546,36127100,0
09-02-2001,109.4,118.2,109.3,112,57.1245,36346600,0.13
02-02-2001,112.5,116.75,109.6,110.27,56.1796,32690400,0
26-01-2001,109.5,115.25,107.62,114.19,58.1768,40283600,0
19-01-2001,93.75,113.94,91.81,111.25,56.6789,55406000,0
12-01-2001,93.5,96.44,91.25,93.81,47.7937,37351000,0
05-01-2001,84.5,99.75,83.75,94,47.8905,44240800,0
29-12-2000,89,89.56,82.12,85,43.3052,31039700,0
22-12-2000,88.37,94.44,80.06,89,45.3431,50218000,0
15-12-2000,96.5,98.25,87.31,87.81,44.7369,41477400,0
08-12-2000,96,104.75,93.12,97,49.4189,37530500,0
01-12-2000,100.44,102,92.25,95.62,48.7158,32366400,0
24-11-2000,101.5,104.37,98.31,99.94,50.9168,22641900,0
17-11-2000,91.81,102.5,91.62,101.94,51.9357,29453200,0
10-11-2000,99.87,103.75,93,93,47.381,32715700,0.13
03-11-2000,93.5,102.62,90.31,100.12,50.9423,39746400,0
27-10-2000,94.75,95,86.94,93.69,47.6706,48790400,0
20-10-2000,111.5,113.87,90.25,94.75,48.2099,73706800,0
13-10-2000,115.94,119.37,103.12,109.06,55.491,38085500,0
06-10-2000,112.62,119.62,108.56,116,59.0222,43940700,0
29-09-2000,124.5,126.62,110.25,112.62,57.3024,31360800,0
22-09-2000,125.25,126.69,120,123.87,63.0265,22129500,0
15-09-2000,127.87,129.19,122.75,125,63.6015,28000200,0
08-09-2000,132.81,134.88,129.38,129.5,65.8911,20201600,0
01-09-2000,129.88,134.94,129.56,133.63,67.9925,30751200,0
25-08-2000,121.06,129.88,119.87,129,65.6367,24522100,0
18-08-2000,120,123.69,119.31,120.44,61.2813,23739400,0
11-08-2000,116.62,121.81,115.56,120.62,61.3729,29859300,0.13
04-08-2000,110.5,116.5,110.06,115.87,58.8916,24015800,0
28-07-2000,114.12,115.62,108.87,111.81,56.8281,28454700,0
21-07-2000,104.44,117.81,101,114.75,58.3224,52881600,0
14-07-2000,104.69,105.94,101,103.94,52.8281,25072200,0
07-07-2000,108.75,109.87,100,105.06,53.3974,38608400,0
30-06-2000,113,115.75,108.62,109.56,55.6845,32971500,0
23-06-2000,113.5,120.69,110.81,111.87,56.8586,27864000,0
16-06-2000,119.12,120.44,113.25,113.25,57.56,26364000,0
09-06-2000,108.44,122.31,108.44,119.69,60.8332,37831000,0
02-06-2000,107.75,111,105.5,108.81,55.3033,18535800,0
26-05-2000,106,112.25,103.44,106.94,54.3529,31197000,0
19-05-2000,104,109.25,102,106.44,54.0988,29694500,0
12-05-2000,108.06,110.62,102.06,104.44,53.0823,33410400,0.13
05-05-2000,112.5,113.62,106.5,107.87,54.7607,22151300,0
28-04-2000,102,113.94,101.25,111.5,56.6035,35488400,0
20-04-2000,103.87,115.12,102.06,104,52.7961,43482800,0
14-04-2000,124.75,125.37,102.87,105,53.3038,42149600,0
07-04-2000,120,128,115.06,123.12,62.5025,47344000,0
31-03-2000,125,128.25,117.06,118.37,60.0911,44498000,0
24-03-2000,110,122.25,109.94,120.62,61.2333,38090900,0
17-03-2000,104,111.69,102.5,110,55.842,36990400,0
10-03-2000,109.94,111,101,105.25,53.4307,42586200,0
03-03-2000,104.62,110,99.5,108,54.8267,51128300,0
25-02-2000,112,113.44,104.94,108,54.8267,34514300,0
18-02-2000,116,118.87,111.5,112.5,57.1112,26599300,0
11-02-2000,116,119.75,113.12,115.37,58.5681,26814500,0.12
04-02-2000,111.37,118.44,109.12,115.62,58.6358,32834200,0
28-01-2000,121.87,122.87,110.06,111.56,56.5768,33325200,0
21-01-2000,119.69,124.75,112.69,121.5,61.6178,41930500,0
14-01-2000,117.25,123.31,115.37,119.62,60.6644,42663900,0
07-01-2000,112.44,119.75,110.62,113.5,57.5607,51137300,0
31-12-1999,109.69,110.75,106.62,107.87,54.7055,16812500,0
23-12-1999,109.06,110.44,107.75,108.62,55.0858,18144100,0
17-12-1999,108.12,112.75,104.5,110,55.7857,38810100,0
10-12-1999,113,122.12,107.56,109,55.2785,58626000,0
03-12-1999,104.94,112.87,102.12,111.87,56.734,37670000,0
26-11-1999,105.5,109.87,101.81,105,53.25,37165600,0
19-11-1999,96,105.12,92.62,103.94,52.7124,61550800,0
12-11-1999,90.5,97.5,90.5,95.87,48.6198,43569700,0.12
